2026/09/16 12:05:54.442, 0, NVIDIA GeForce RTX 3090, 580.178.04, P2, 69, 126.63, 22471, 1654, 45
2026/09/16 12:05:54.695, 0, NVIDIA GeForce RTX 3090, 580.178.04, P2, 69, 132.46, 22471, 1654, 46
2026/09/16 12:05:54.946, 0, NVIDIA GeForce RTX 3090, 580.178.04, P2, 69, 132.46, 22471, 1654, 46
2026/09/16 12:05:55.196, 0, NVIDIA GeForce RTX 3090, 580.178.04, P2, 75, 194.39, 22471, 1654, 46
2026/09/16 12:05:55.446, 0, NVIDIA GeForce RTX 3090, 580.178.04, P2, 75, 194.39, 22471, 1654, 46
2026/09/16 12:05:55.696, 0, NVIDIA GeForce RTX 3090, 580.178.04, P2, 75, 264.12, 22471, 1654, 99
2026/09/16 12:05:55.947, 0, NVIDIA GeForce RTX 3090, 580.178.04, P2, 75, 264.12, 22471, 1654, 99
2026/09/16 12:05:56.197, 0, NVIDIA GeForce RTX 3090, 580.178.04, P2, 76, 279.53, 22471, 1654, 99
2026/09/16 12:05:56.447, 0, NVIDIA GeForce RTX 3090, 580.178.04, P2, 76, 279.53, 22471, 1654, 99
2026/09/16 12:05:56.698, 0, NVIDIA GeForce RTX 3090, 580.178.04, P2, 76, 269.94, 22471, 1654, 92
2026/09/16 12:05:56.948, 0, NVIDIA GeForce RTX 3090, 580.178.04, P2, 76, 269.94, 22471, 1654, 92
2026/09/16 12:05:57.198, 0, NVIDIA GeForce RTX 3090, 580.178.04, P2, 76, 267.32, 22471, 1654, 92
2026/09/16 12:05:57.449, 0, NVIDIA GeForce RTX 3090, 580.178.04, P2, 76, 267.32, 22471, 1654, 92
2026/09/16 12:05:57.699, 0, NVIDIA GeForce RTX 3090, 580.178.04, P2, 76, 272.55, 22471, 1654, 89
2026/09/16 12:05:57.949, 0, NVIDIA GeForce RTX 3090, 580.178.04, P2, 76, 272.55, 22471, 1654, 89
2026/09/16 12:05:58.199, 0, NVIDIA GeForce RTX 3090, 580.178.04, P2, 76, 276.84, 22471, 1654, 89
2026/09/16 12:05:58.450, 0, NVIDIA GeForce RTX 3090, 580.178.04, P2, 76, 276.84, 22471, 1654, 89
2026/09/16 12:05:58.700, 0, NVIDIA GeForce RTX 3090, 580.178.04, P2, 76, 270.27, 22471, 1654, 88
2026/09/16 12:05:58.950, 0, NVIDIA GeForce RTX 3090, 580.178.04, P2, 76, 270.27, 22471, 1654, 88
2026/09/16 12:05:59.200, 0, NVIDIA GeForce RTX 3090, 580.178.04, P2, 77, 272.38, 22471, 1654, 88
2026/09/16 12:05:59.451, 0, NVIDIA GeForce RTX 3090, 580.178.04, P2, 77, 272.38, 22471, 1654, 88
2026/09/16 12:05:59.701, 0, NVIDIA GeForce RTX 3090, 580.178.04, P2, 76, 277.58, 22471, 1654, 88
2026/09/16 12:05:59.951, 0, NVIDIA GeForce RTX 3090, 580.178.04, P2, 76, 277.58, 22471, 1654, 88
2026/09/16 12:06:00.202, 0, NVIDIA GeForce RTX 3090, 580.178.04, P2, 76, 273.24, 22471, 1654, 88
2026/09/16 12:06:00.452, 0, NVIDIA GeForce RTX 3090, 580.178.04, P2, 76, 273.24, 22471, 1654, 88
2026/09/16 12:06:00.703, 0, NVIDIA GeForce RTX 3090, 580.178.04, P2, 77, 272.92, 22471, 1654, 89
2026/09/16 12:06:00.953, 0, NVIDIA GeForce RTX 3090, 580.178.04, P2, 77, 272.92, 22471, 1654, 89
2026/09/16 12:06:01.203, 0, NVIDIA GeForce RTX 3090, 580.178.04, P2, 76, 276.49, 22471, 1654, 89
2026/09/16 12:06:01.453, 0, NVIDIA GeForce RTX 3090, 580.178.04, P2, 76, 276.49, 22471, 1654, 89
2026/09/16 12:06:01.704, 0, NVIDIA GeForce RTX 3090, 580.178.04, P2, 76, 274.14, 22471, 1654, 92
2026/09/16 12:06:01.954, 0, NVIDIA GeForce RTX 3090, 580.178.04, P2, 76, 274.14, 22471, 1654, 92
2026/09/16 12:06:02.204, 0, NVIDIA GeForce RTX 3090, 580.178.04, P2, 76, 270.48, 22471, 1654, 92
2026/09/16 12:06:02.455, 0, NVIDIA GeForce RTX 3090, 580.178.04, P2, 76, 270.48, 22471, 1654, 92
2026/09/16 12:06:02.705, 0, NVIDIA GeForce RTX 3090, 580.178.04, P2, 76, 260.44, 22471, 1654, 86
2026/09/16 12:06:02.955, 0, NVIDIA GeForce RTX 3090, 580.178.04, P2, 76, 260.44, 22471, 1654, 86
2026/09/16 12:06:03.206, 0, NVIDIA GeForce RTX 3090, 580.178.04, P2, 76, 264.30, 22471, 1654, 86
2026/09/16 12:06:03.456, 0, NVIDIA GeForce RTX 3090, 580.178.04, P2, 76, 264.30, 22471, 1654, 86
2026/09/16 12:06:03.707, 0, NVIDIA GeForce RTX 3090, 580.178.04, P2, 76, 281.60, 22471, 1654, 99
2026/09/16 12:06:03.957, 0, NVIDIA GeForce RTX 3090, 580.178.04, P2, 76, 281.60, 22471, 1654, 99
2026/09/16 12:06:04.208, 0, NVIDIA GeForce RTX 3090, 580.178.04, P2, 76, 279.32, 22471, 1654, 99
2026/09/16 12:06:04.458, 0, NVIDIA GeForce RTX 3090, 580.178.04, P2, 76, 279.32, 22471, 1654, 99
2026/09/16 12:06:04.708, 0, NVIDIA GeForce RTX 3090, 580.178.04, P2, 77, 272.54, 22471, 1654, 91
2026/09/16 12:06:04.958, 0, NVIDIA GeForce RTX 3090, 580.178.04, P2, 77, 272.54, 22471, 1654, 91
2026/09/16 12:06:05.209, 0, NVIDIA GeForce RTX 3090, 580.178.04, P2, 77, 271.06, 22471, 1654, 91
2026/09/16 12:06:05.459, 0, NVIDIA GeForce RTX 3090, 580.178.04, P2, 77, 271.06, 22471, 1654, 91
2026/09/16 12:06:05.709, 0, NVIDIA GeForce RTX 3090, 580.178.04, P2, 77, 278.20, 22471, 1654, 90
2026/09/16 12:06:05.960, 0, NVIDIA GeForce RTX 3090, 580.178.04, P2, 77, 278.20, 22471, 1654, 90
2026/09/16 12:06:06.210, 0, NVIDIA GeForce RTX 3090, 580.178.04, P2, 77, 278.81, 22471, 1654, 90
2026/09/16 12:06:06.460, 0, NVIDIA GeForce RTX 3090, 580.178.04, P2, 77, 278.81, 22471, 1654, 90
2026/09/16 12:06:06.710, 0, NVIDIA GeForce RTX 3090, 580.178.04, P2, 77, 278.04, 22471, 1654, 87
2026/09/16 12:06:06.961, 0, NVIDIA GeForce RTX 3090, 580.178.04, P2, 77, 278.04, 22471, 1654, 87
2026/09/16 12:06:07.211, 0, NVIDIA GeForce RTX 3090, 580.178.04, P2, 77, 278.26, 22471, 1654, 87
2026/09/16 12:06:07.461, 0, NVIDIA GeForce RTX 3090, 580.178.04, P2, 77, 278.26, 22471, 1654, 87
2026/09/16 12:06:07.712, 0, NVIDIA GeForce RTX 3090, 580.178.04, P2, 77, 277.68, 22471, 1654, 90
2026/09/16 12:06:07.962, 0, NVIDIA GeForce RTX 3090, 580.178.04, P2, 77, 277.68, 22471, 1654, 90
2026/09/16 12:06:08.212, 0, NVIDIA GeForce RTX 3090, 580.178.04, P2, 78, 277.74, 22471, 1654, 90
2026/09/16 12:06:08.462, 0, NVIDIA GeForce RTX 3090, 580.178.04, P2, 78, 277.74, 22471, 1654, 90
2026/09/16 12:06:08.713, 0, NVIDIA GeForce RTX 3090, 580.178.04, P2, 78, 278.52, 22471, 1654, 91
2026/09/16 12:06:08.963, 0, NVIDIA GeForce RTX 3090, 580.178.04, P2, 78, 278.52, 22471, 1654, 91
2026/09/16 12:06:09.213, 0, NVIDIA GeForce RTX 3090, 580.178.04, P2, 77, 276.08, 22471, 1654, 91
2026/09/16 12:06:09.463, 0, NVIDIA GeForce RTX 3090, 580.178.04, P2, 77, 276.08, 22471, 1654, 91
2026/09/16 12:06:09.714, 0, NVIDIA GeForce RTX 3090, 580.178.04, P2, 77, 274.17, 22471, 1654, 91
2026/09/16 12:06:09.964, 0, NVIDIA GeForce RTX 3090, 580.178.04, P2, 77, 274.17, 22471, 1654, 91
2026/09/16 12:06:10.214, 0, NVIDIA GeForce RTX 3090, 580.178.04, P2, 76, 268.70, 22471, 1654, 91
2026/09/16 12:06:10.465, 0, NVIDIA GeForce RTX 3090, 580.178.04, P2, 76, 268.70, 22471, 1654, 91
2026/09/16 12:06:10.715, 0, NVIDIA GeForce RTX 3090, 580.178.04, P2, 77, 271.16, 22471, 1654, 98
2026/09/16 12:06:10.966, 0, NVIDIA GeForce RTX 3090, 580.178.04, P2, 77, 271.16, 22471, 1654, 98
2026/09/16 12:06:11.216, 0, NVIDIA GeForce RTX 3090, 580.178.04, P2, 76, 272.01, 22471, 1654, 98
2026/09/16 12:06:11.466, 0, NVIDIA GeForce RTX 3090, 580.178.04, P2, 76, 272.01, 22471, 1654, 98
2026/09/16 12:06:11.717, 0, NVIDIA GeForce RTX 3090, 580.178.04, P2, 77, 279.31, 22471, 1654, 99
2026/09/16 12:06:11.967, 0, NVIDIA GeForce RTX 3090, 580.178.04, P2, 77, 279.31, 22471, 1654, 99
2026/09/16 12:06:12.217, 0, NVIDIA GeForce RTX 3090, 580.178.04, P2, 77, 271.64, 22471, 1654, 99
2026/09/16 12:06:12.468, 0, NVIDIA GeForce RTX 3090, 580.178.04, P2, 77, 271.64, 22471, 1654, 99
2026/09/16 12:06:12.718, 0, NVIDIA GeForce RTX 3090, 580.178.04, P2, 78, 268.13, 22471, 1654, 89
2026/09/16 12:06:12.968, 0, NVIDIA GeForce RTX 3090, 580.178.04, P2, 78, 268.13, 22471, 1654, 89
2026/09/16 12:06:13.218, 0, NVIDIA GeForce RTX 3090, 580.178.04, P2, 78, 273.75, 22471, 1654, 89
2026/09/16 12:06:13.469, 0, NVIDIA GeForce RTX 3090, 580.178.04, P2, 78, 273.75, 22471, 1654, 89
2026/09/16 12:06:13.719, 0, NVIDIA GeForce RTX 3090, 580.178.04, P2, 78, 277.42, 22471, 1654, 88
2026/09/16 12:06:13.970, 0, NVIDIA GeForce RTX 3090, 580.178.04, P2, 78, 277.42, 22471, 1654, 88
2026/09/16 12:06:14.220, 0, NVIDIA GeForce RTX 3090, 580.178.04, P2, 77, 275.55, 22471, 1654, 88
2026/09/16 12:06:14.470, 0, NVIDIA GeForce RTX 3090, 580.178.04, P2, 77, 275.55, 22471, 1654, 88
2026/09/16 12:06:14.720, 0, NVIDIA GeForce RTX 3090, 580.178.04, P2, 78, 272.03, 22471, 1654, 90
2026/09/16 12:06:14.971, 0, NVIDIA GeForce RTX 3090, 580.178.04, P2, 78, 272.03, 22471, 1654, 90
2026/09/16 12:06:15.221, 0, NVIDIA GeForce RTX 3090, 580.178.04, P2, 78, 272.02, 22471, 1654, 90
2026/09/16 12:06:15.471, 0, NVIDIA GeForce RTX 3090, 580.178.04, P2, 78, 272.02, 22471, 1654, 90
2026/09/16 12:06:15.721, 0, NVIDIA GeForce RTX 3090, 580.178.04, P2, 78, 274.71, 22471, 1654, 90
2026/09/16 12:06:15.972, 0, NVIDIA GeForce RTX 3090, 580.178.04, P2, 78, 274.71, 22471, 1654, 90
2026/09/16 12:06:16.222, 0, NVIDIA GeForce RTX 3090, 580.178.04, P2, 77, 271.19, 22471, 1654, 90
2026/09/16 12:06:16.472, 0, NVIDIA GeForce RTX 3090, 580.178.04, P2, 77, 271.19, 22471, 1654, 90
2026/09/16 12:06:16.722, 0, NVIDIA GeForce RTX 3090, 580.178.04, P2, 78, 271.14, 22471, 1654, 89
2026/09/16 12:06:16.973, 0, NVIDIA GeForce RTX 3090, 580.178.04, P2, 78, 271.14, 22471, 1654, 89
2026/09/16 12:06:17.223, 0, NVIDIA GeForce RTX 3090, 580.178.04, P2, 78, 274.12, 22471, 1654, 89
2026/09/16 12:06:17.473, 0, NVIDIA GeForce RTX 3090, 580.178.04, P2, 78, 274.12, 22471, 1654, 89
2026/09/16 12:06:17.723, 0, NVIDIA GeForce RTX 3090, 580.178.04, P2, 78, 274.79, 22471, 1654, 92
2026/09/16 12:06:17.974, 0, NVIDIA GeForce RTX 3090, 580.178.04, P2, 78, 274.79, 22471, 1654, 92
2026/09/16 12:06:18.224, 0, NVIDIA GeForce RTX 3090, 580.178.04, P2, 77, 261.14, 22471, 1654, 92
2026/09/16 12:06:18.474, 0, NVIDIA GeForce RTX 3090, 580.178.04, P2, 77, 261.14, 22471, 1654, 92
2026/09/16 12:06:18.725, 0, NVIDIA GeForce RTX 3090, 580.178.04, P2, 77, 268.66, 22471, 1654, 99
2026/09/16 12:06:18.975, 0, NVIDIA GeForce RTX 3090, 580.178.04, P2, 77, 268.66, 22471, 1654, 99
2026/09/16 12:06:19.225, 0, NVIDIA GeForce RTX 3090, 580.178.04, P2, 77, 275.07, 22471, 1654, 99
2026/09/16 12:06:19.476, 0, NVIDIA GeForce RTX 3090, 580.178.04, P2, 77, 275.07, 22471, 1654, 99
2026/09/16 12:06:19.726, 0, NVIDIA GeForce RTX 3090, 580.178.04, P2, 78, 279.32, 22471, 1654, 99
2026/09/16 12:06:19.976, 0, NVIDIA GeForce RTX 3090, 580.178.04, P2, 78, 279.32, 22471, 1654, 99
2026/09/16 12:06:20.226, 0, NVIDIA GeForce RTX 3090, 580.178.04, P2, 78, 272.39, 22471, 1654, 99
2026/09/16 12:06:20.477, 0, NVIDIA GeForce RTX 3090, 580.178.04, P2, 78, 272.39, 22471, 1654, 99
2026/09/16 12:06:20.727, 0, NVIDIA GeForce RTX 3090, 580.178.04, P2, 78, 269.01, 22471, 1654, 88
2026/09/16 12:06:20.977, 0, NVIDIA GeForce RTX 3090, 580.178.04, P2, 78, 269.01, 22471, 1654, 88
2026/09/16 12:06:21.227, 0, NVIDIA GeForce RTX 3090, 580.178.04, P2, 78, 276.57, 22471, 1654, 88
2026/09/16 12:06:21.478, 0, NVIDIA GeForce RTX 3090, 580.178.04, P2, 78, 276.57, 22471, 1654, 88
2026/09/16 12:06:21.728, 0, NVIDIA GeForce RTX 3090, 580.178.04, P2, 78, 276.84, 22471, 1654, 89
2026/09/16 12:06:21.978, 0, NVIDIA GeForce RTX 3090, 580.178.04, P2, 78, 276.84, 22471, 1654, 89
2026/09/16 12:06:22.228, 0, NVIDIA GeForce RTX 3090, 580.178.04, P2, 78, 272.99, 22471, 1654, 89
2026/09/16 12:06:22.479, 0, NVIDIA GeForce RTX 3090, 580.178.04, P2, 78, 272.99, 22471, 1654, 89
2026/09/16 12:06:22.729, 0, NVIDIA GeForce RTX 3090, 580.178.04, P2, 78, 271.17, 22471, 1654, 89
2026/09/16 12:06:22.979, 0, NVIDIA GeForce RTX 3090, 580.178.04, P2, 78, 271.17, 22471, 1654, 89
2026/09/16 12:06:23.230, 0, NVIDIA GeForce RTX 3090, 580.178.04, P2, 78, 269.35, 22471, 1654, 89
2026/09/16 12:06:23.480, 0, NVIDIA GeForce RTX 3090, 580.178.04, P2, 78, 269.35, 22471, 1654, 89
2026/09/16 12:06:23.730, 0, NVIDIA GeForce RTX 3090, 580.178.04, P2, 78, 268.74, 22471, 1654, 87
2026/09/16 12:06:23.981, 0, NVIDIA GeForce RTX 3090, 580.178.04, P2, 78, 268.74, 22471, 1654, 87
2026/09/16 12:06:24.231, 0, NVIDIA GeForce RTX 3090, 580.178.04, P2, 78, 271.78, 22471, 1654, 87
2026/09/16 12:06:24.481, 0, NVIDIA GeForce RTX 3090, 580.178.04, P2, 78, 271.78, 22471, 1654, 87
2026/09/16 12:06:24.731, 0, NVIDIA GeForce RTX 3090, 580.178.04, P2, 78, 269.25, 22471, 1654, 91
2026/09/16 12:06:24.982, 0, NVIDIA GeForce RTX 3090, 580.178.04, P2, 78, 269.25, 22471, 1654, 91
2026/09/16 12:06:25.232, 0, NVIDIA GeForce RTX 3090, 580.178.04, P2, 78, 265.16, 22471, 1654, 91
2026/09/16 12:06:25.482, 0, NVIDIA GeForce RTX 3090, 580.178.04, P2, 78, 265.16, 22471, 1654, 91
2026/09/16 12:06:25.732, 0, NVIDIA GeForce RTX 3090, 580.178.04, P2, 78, 267.93, 22471, 1654, 88
2026/09/16 12:06:25.983, 0, NVIDIA GeForce RTX 3090, 580.178.04, P2, 78, 267.93, 22471, 1654, 88
2026/09/16 12:06:26.233, 0, NVIDIA GeForce RTX 3090, 580.178.04, P2, 77, 266.92, 22471, 1654, 88
2026/09/16 12:06:26.483, 0, NVIDIA GeForce RTX 3090, 580.178.04, P2, 77, 266.92, 22471, 1654, 88
2026/09/16 12:06:26.734, 0, NVIDIA GeForce RTX 3090, 580.178.04, P2, 78, 262.91, 22471, 1654, 99
2026/09/16 12:06:26.984, 0, NVIDIA GeForce RTX 3090, 580.178.04, P2, 78, 262.91, 22471, 1654, 99
2026/09/16 12:06:27.234, 0, NVIDIA GeForce RTX 3090, 580.178.04, P2, 78, 268.14, 22471, 1654, 99
2026/09/16 12:06:27.485, 0, NVIDIA GeForce RTX 3090, 580.178.04, P2, 78, 268.14, 22471, 1654, 99
2026/09/16 12:06:27.735, 0, NVIDIA GeForce RTX 3090, 580.178.04, P2, 78, 279.83, 22471, 1654, 99
2026/09/16 12:06:27.986, 0, NVIDIA GeForce RTX 3090, 580.178.04, P2, 78, 279.83, 22471, 1654, 99
2026/09/16 12:06:28.236, 0, NVIDIA GeForce RTX 3090, 580.178.04, P2, 78, 271.49, 22471, 1654, 99
2026/09/16 12:06:28.486, 0, NVIDIA GeForce RTX 3090, 580.178.04, P2, 78, 271.49, 22471, 1654, 99
2026/09/16 12:06:28.737, 0, NVIDIA GeForce RTX 3090, 580.178.04, P2, 78, 270.11, 22471, 1654, 89
2026/09/16 12:06:28.987, 0, NVIDIA GeForce RTX 3090, 580.178.04, P2, 78, 270.11, 22471, 1654, 89
2026/09/16 12:06:29.237, 0, NVIDIA GeForce RTX 3090, 580.178.04, P2, 78, 275.60, 22471, 1654, 89
2026/09/16 12:06:29.488, 0, NVIDIA GeForce RTX 3090, 580.178.04, P2, 78, 275.60, 22471, 1654, 89
2026/09/16 12:06:29.738, 0, NVIDIA GeForce RTX 3090, 580.178.04, P2, 78, 278.31, 22471, 1654, 88
2026/09/16 12:06:29.988, 0, NVIDIA GeForce RTX 3090, 580.178.04, P2, 78, 278.31, 22471, 1654, 88
2026/09/16 12:06:30.239, 0, NVIDIA GeForce RTX 3090, 580.178.04, P2, 79, 278.21, 22471, 1654, 88
2026/09/16 12:06:30.489, 0, NVIDIA GeForce RTX 3090, 580.178.04, P2, 79, 278.21, 22471, 1654, 88
2026/09/16 12:06:30.739, 0, NVIDIA GeForce RTX 3090, 580.178.04, P2, 78, 277.43, 22471, 1654, 87
2026/09/16 12:06:30.990, 0, NVIDIA GeForce RTX 3090, 580.178.04, P2, 78, 277.43, 22471, 1654, 87
2026/09/16 12:06:31.240, 0, NVIDIA GeForce RTX 3090, 580.178.04, P2, 79, 273.83, 22471, 1654, 87
2026/09/16 12:06:31.490, 0, NVIDIA GeForce RTX 3090, 580.178.04, P2, 79, 273.83, 22471, 1654, 87
2026/09/16 12:06:31.740, 0, NVIDIA GeForce RTX 3090, 580.178.04, P2, 79, 275.93, 22471, 1654, 89
2026/09/16 12:06:31.991, 0, NVIDIA GeForce RTX 3090, 580.178.04, P2, 79, 275.93, 22471, 1654, 89
2026/09/16 12:06:32.241, 0, NVIDIA GeForce RTX 3090, 580.178.04, P2, 79, 277.63, 22471, 1654, 89
2026/09/16 12:06:32.491, 0, NVIDIA GeForce RTX 3090, 580.178.04, P2, 79, 277.63, 22471, 1654, 89
2026/09/16 12:06:32.742, 0, NVIDIA GeForce RTX 3090, 580.178.04, P2, 79, 278.66, 22471, 1654, 86
2026/09/16 12:06:32.992, 0, NVIDIA GeForce RTX 3090, 580.178.04, P2, 79, 278.66, 22471, 1654, 86
2026/09/16 12:06:33.242, 0, NVIDIA GeForce RTX 3090, 580.178.04, P2, 79, 278.60, 22471, 1654, 86
2026/09/16 12:06:33.493, 0, NVIDIA GeForce RTX 3090, 580.178.04, P2, 79, 278.60, 22471, 1654, 86
2026/09/16 12:06:33.743, 0, NVIDIA GeForce RTX 3090, 580.178.04, P2, 79, 277.68, 22471, 1654, 88
2026/09/16 12:06:33.993, 0, NVIDIA GeForce RTX 3090, 580.178.04, P2, 79, 277.68, 22471, 1654, 88
2026/09/16 12:06:34.244, 0, NVIDIA GeForce RTX 3090, 580.178.04, P2, 76, 263.87, 22471, 1654, 88
2026/09/16 12:06:34.494, 0, NVIDIA GeForce RTX 3090, 580.178.04, P2, 76, 263.87, 22471, 1654, 88
2026/09/16 12:06:34.744, 0, NVIDIA GeForce RTX 3090, 580.178.04, P2, 78, 267.58, 22471, 1654, 99
2026/09/16 12:06:34.995, 0, NVIDIA GeForce RTX 3090, 580.178.04, P2, 78, 267.58, 22471, 1654, 99
2026/09/16 12:06:35.245, 0, NVIDIA GeForce RTX 3090, 580.178.04, P2, 78, 276.27, 22471, 1654, 99
2026/09/16 12:06:35.496, 0, NVIDIA GeForce RTX 3090, 580.178.04, P2, 78, 276.27, 22471, 1654, 99
2026/09/16 12:06:35.746, 0, NVIDIA GeForce RTX 3090, 580.178.04, P2, 78, 279.66, 22471, 1654, 99
2026/09/16 12:06:35.996, 0, NVIDIA GeForce RTX 3090, 580.178.04, P2, 78, 279.66, 22471, 1654, 99
2026/09/16 12:06:36.247, 0, NVIDIA GeForce RTX 3090, 580.178.04, P2, 78, 270.80, 22471, 1654, 99
2026/09/16 12:06:36.497, 0, NVIDIA GeForce RTX 3090, 580.178.04, P2, 78, 270.80, 22471, 1654, 99
2026/09/16 12:06:36.747, 0, NVIDIA GeForce RTX 3090, 580.178.04, P2, 79, 269.25, 22471, 1654, 87
2026/09/16 12:06:36.998, 0, NVIDIA GeForce RTX 3090, 580.178.04, P2, 79, 269.25, 22471, 1654, 87
2026/09/16 12:06:37.248, 0, NVIDIA GeForce RTX 3090, 580.178.04, P2, 79, 276.79, 22471, 1654, 87
2026/09/16 12:06:37.498, 0, NVIDIA GeForce RTX 3090, 580.178.04, P2, 79, 276.79, 22471, 1654, 87
2026/09/16 12:06:37.748, 0, NVIDIA GeForce RTX 3090, 580.178.04, P2, 79, 279.00, 22471, 1654, 89
2026/09/16 12:06:37.999, 0, NVIDIA GeForce RTX 3090, 580.178.04, P2, 79, 279.00, 22471, 1654, 89
2026/09/16 12:06:38.249, 0, NVIDIA GeForce RTX 3090, 580.178.04, P2, 79, 277.23, 22471, 1654, 89
2026/09/16 12:06:38.499, 0, NVIDIA GeForce RTX 3090, 580.178.04, P2, 79, 277.23, 22471, 1654, 89
2026/09/16 12:06:38.750, 0, NVIDIA GeForce RTX 3090, 580.178.04, P2, 78, 271.35, 22471, 1654, 90
2026/09/16 12:06:39.000, 0, NVIDIA GeForce RTX 3090, 580.178.04, P2, 78, 271.35, 22471, 1654, 90
2026/09/16 12:06:39.250, 0, NVIDIA GeForce RTX 3090, 580.178.04, P2, 79, 269.14, 22471, 1654, 90
2026/09/16 12:06:39.501, 0, NVIDIA GeForce RTX 3090, 580.178.04, P2, 79, 269.14, 22471, 1654, 90
2026/09/16 12:06:39.751, 0, NVIDIA GeForce RTX 3090, 580.178.04, P2, 79, 272.58, 22471, 1654, 88
2026/09/16 12:06:40.001, 0, NVIDIA GeForce RTX 3090, 580.178.04, P2, 79, 272.58, 22471, 1654, 88
2026/09/16 12:06:40.252, 0, NVIDIA GeForce RTX 3090, 580.178.04, P2, 79, 275.54, 22471, 1654, 88
2026/09/16 12:06:40.502, 0, NVIDIA GeForce RTX 3090, 580.178.04, P2, 79, 275.54, 22471, 1654, 88
2026/09/16 12:06:40.752, 0, NVIDIA GeForce RTX 3090, 580.178.04, P2, 78, 273.94, 22471, 1654, 89
2026/09/16 12:06:41.003, 0, NVIDIA GeForce RTX 3090, 580.178.04, P2, 78, 273.94, 22471, 1654, 89
2026/09/16 12:06:41.253, 0, NVIDIA GeForce RTX 3090, 580.178.04, P2, 79, 270.39, 22471, 1654, 89
2026/09/16 12:06:41.503, 0, NVIDIA GeForce RTX 3090, 580.178.04, P2, 79, 270.39, 22471, 1654, 89
2026/09/16 12:06:41.754, 0, NVIDIA GeForce RTX 3090, 580.178.04, P2, 79, 273.10, 22471, 1654, 90
2026/09/16 12:06:42.004, 0, NVIDIA GeForce RTX 3090, 580.178.04, P2, 79, 273.10, 22471, 1654, 90
2026/09/16 12:06:42.254, 0, NVIDIA GeForce RTX 3090, 580.178.04, P2, 78, 271.10, 22471, 1654, 90
2026/09/16 12:06:42.505, 0, NVIDIA GeForce RTX 3090, 580.178.04, P2, 78, 271.10, 22471, 1654, 90
2026/09/16 12:06:42.755, 0, NVIDIA GeForce RTX 3090, 580.178.04, P2, 75, 221.59, 22471, 1654, 0
2026/09/16 12:06:43.005, 0, NVIDIA GeForce RTX 3090, 580.178.04, P2, 75, 221.59, 22471, 1654, 0
2026/09/16 12:06:43.255, 0, NVIDIA GeForce RTX 3090, 580.178.04, P2, 74, 166.23, 22471, 1654, 0
2026/09/16 12:06:43.506, 0, NVIDIA GeForce RTX 3090, 580.178.04, P2, 74, 166.23, 22471, 1654, 0
2026/09/16 12:06:43.758, 0, NVIDIA GeForce RTX 3090, 580.178.04, P2, 78, 200.14, 22471, 1654, 99
2026/09/16 12:06:44.008, 0, NVIDIA GeForce RTX 3090, 580.178.04, P2, 78, 200.14, 22471, 1654, 99
2026/09/16 12:06:44.259, 0, NVIDIA GeForce RTX 3090, 580.178.04, P2, 78, 258.56, 22471, 1654, 99
2026/09/16 12:06:44.509, 0, NVIDIA GeForce RTX 3090, 580.178.04, P2, 78, 258.56, 22471, 1654, 99
2026/09/16 12:06:44.760, 0, NVIDIA GeForce RTX 3090, 580.178.04, P2, 78, 278.99, 22471, 1654, 99
2026/09/16 12:06:45.010, 0, NVIDIA GeForce RTX 3090, 580.178.04, P2, 78, 278.99, 22471, 1654, 99
2026/09/16 12:06:45.260, 0, NVIDIA GeForce RTX 3090, 580.178.04, P2, 78, 260.39, 22471, 1654, 99
2026/09/16 12:06:45.510, 0, NVIDIA GeForce RTX 3090, 580.178.04, P2, 78, 260.39, 22471, 1654, 99
2026/09/16 12:06:45.761, 0, NVIDIA GeForce RTX 3090, 580.178.04, P2, 78, 250.56, 22471, 1654, 92
2026/09/16 12:06:46.011, 0, NVIDIA GeForce RTX 3090, 580.178.04, P2, 78, 250.56, 22471, 1654, 92
2026/09/16 12:06:46.261, 0, NVIDIA GeForce RTX 3090, 580.178.04, P2, 78, 259.84, 22471, 1654, 92
2026/09/16 12:06:46.512, 0, NVIDIA GeForce RTX 3090, 580.178.04, P2, 78, 259.84, 22471, 1654, 92
2026/09/16 12:06:46.762, 0, NVIDIA GeForce RTX 3090, 580.178.04, P2, 78, 263.01, 22471, 1654, 89
2026/09/16 12:06:47.012, 0, NVIDIA GeForce RTX 3090, 580.178.04, P2, 78, 263.01, 22471, 1654, 89
2026/09/16 12:06:47.263, 0, NVIDIA GeForce RTX 3090, 580.178.04, P2, 78, 266.02, 22471, 1654, 89
2026/09/16 12:06:47.513, 0, NVIDIA GeForce RTX 3090, 580.178.04, P2, 78, 266.02, 22471, 1654, 89
2026/09/16 12:06:47.763, 0, NVIDIA GeForce RTX 3090, 580.178.04, P2, 78, 265.10, 22471, 1654, 87
2026/09/16 12:06:48.014, 0, NVIDIA GeForce RTX 3090, 580.178.04, P2, 78, 265.10, 22471, 1654, 87
2026/09/16 12:06:48.264, 0, NVIDIA GeForce RTX 3090, 580.178.04, P2, 78, 263.88, 22471, 1654, 87
2026/09/16 12:06:48.514, 0, NVIDIA GeForce RTX 3090, 580.178.04, P2, 78, 263.88, 22471, 1654, 87
2026/09/16 12:06:48.764, 0, NVIDIA GeForce RTX 3090, 580.178.04, P2, 79, 268.18, 22471, 1654, 88
2026/09/16 12:06:49.015, 0, NVIDIA GeForce RTX 3090, 580.178.04, P2, 79, 268.18, 22471, 1654, 88
2026/09/16 12:06:49.265, 0, NVIDIA GeForce RTX 3090, 580.178.04, P2, 79, 270.33, 22471, 1654, 88
2026/09/16 12:06:49.516, 0, NVIDIA GeForce RTX 3090, 580.178.04, P2, 79, 270.33, 22471, 1654, 88
2026/09/16 12:06:49.766, 0, NVIDIA GeForce RTX 3090, 580.178.04, P2, 79, 272.53, 22471, 1654, 91
2026/09/16 12:06:50.016, 0, NVIDIA GeForce RTX 3090, 580.178.04, P2, 79, 272.53, 22471, 1654, 91
2026/09/16 12:06:50.266, 0, NVIDIA GeForce RTX 3090, 580.178.04, P2, 79, 269.99, 22471, 1654, 91
2026/09/16 12:06:50.517, 0, NVIDIA GeForce RTX 3090, 580.178.04, P2, 79, 269.99, 22471, 1654, 91
2026/09/16 12:06:50.767, 0, NVIDIA GeForce RTX 3090, 580.178.04, P2, 79, 267.98, 22471, 1654, 86
2026/09/16 12:06:51.018, 0, NVIDIA GeForce RTX 3090, 580.178.04, P2, 79, 267.98, 22471, 1654, 86
2026/09/16 12:06:51.268, 0, NVIDIA GeForce RTX 3090, 580.178.04, P2, 79, 270.66, 22471, 1654, 86
2026/09/16 12:06:51.519, 0, NVIDIA GeForce RTX 3090, 580.178.04, P2, 79, 270.66, 22471, 1654, 86
2026/09/16 12:06:51.769, 0, NVIDIA GeForce RTX 3090, 580.178.04, P2, 78, 272.55, 22471, 1654, 83
2026/09/16 12:06:52.019, 0, NVIDIA GeForce RTX 3090, 580.178.04, P2, 78, 272.55, 22471, 1654, 83
2026/09/16 12:06:52.269, 0, NVIDIA GeForce RTX 3090, 580.178.04, P2, 78, 266.57, 22471, 1654, 83
2026/09/16 12:06:52.520, 0, NVIDIA GeForce RTX 3090, 580.178.04, P2, 78, 266.57, 22471, 1654, 83
2026/09/16 12:06:52.770, 0, NVIDIA GeForce RTX 3090, 580.178.04, P2, 79, 272.22, 22471, 1654, 99
2026/09/16 12:06:53.021, 0, NVIDIA GeForce RTX 3090, 580.178.04, P2, 79, 272.22, 22471, 1654, 99
2026/09/16 12:06:53.274, 0, NVIDIA GeForce RTX 3090, 580.178.04, P2, 79, 279.67, 22471, 1654, 99
2026/09/16 12:06:53.524, 0, NVIDIA GeForce RTX 3090, 580.178.04, P2, 79, 279.67, 22471, 1654, 99
2026/09/16 12:06:53.774, 0, NVIDIA GeForce RTX 3090, 580.178.04, P2, 78, 259.49, 22471, 1654, 93
2026/09/16 12:06:54.025, 0, NVIDIA GeForce RTX 3090, 580.178.04, P2, 78, 259.49, 22471, 1654, 93
2026/09/16 12:06:54.275, 0, NVIDIA GeForce RTX 3090, 580.178.04, P2, 78, 245.00, 22471, 1654, 93
2026/09/16 12:06:54.526, 0, NVIDIA GeForce RTX 3090, 580.178.04, P2, 78, 245.00, 22471, 1654, 93
2026/09/16 12:06:54.776, 0, NVIDIA GeForce RTX 3090, 580.178.04, P2, 78, 246.02, 22471, 1654, 92
2026/09/16 12:06:55.026, 0, NVIDIA GeForce RTX 3090, 580.178.04, P2, 78, 246.02, 22471, 1654, 92
2026/09/16 12:06:55.277, 0, NVIDIA GeForce RTX 3090, 580.178.04, P2, 78, 252.15, 22471, 1654, 92
2026/09/16 12:06:55.527, 0, NVIDIA GeForce RTX 3090, 580.178.04, P2, 78, 252.15, 22471, 1654, 92
2026/09/16 12:06:55.777, 0, NVIDIA GeForce RTX 3090, 580.178.04, P2, 79, 260.88, 22471, 1654, 91
2026/09/16 12:06:56.028, 0, NVIDIA GeForce RTX 3090, 580.178.04, P2, 79, 260.88, 22471, 1654, 91
2026/09/16 12:06:56.278, 0, NVIDIA GeForce RTX 3090, 580.178.04, P2, 78, 261.49, 22471, 1654, 91
2026/09/16 12:06:56.529, 0, NVIDIA GeForce RTX 3090, 580.178.04, P2, 78, 261.49, 22471, 1654, 91
2026/09/16 12:06:56.779, 0, NVIDIA GeForce RTX 3090, 580.178.04, P2, 79, 259.73, 22471, 1654, 89
2026/09/16 12:06:57.030, 0, NVIDIA GeForce RTX 3090, 580.178.04, P2, 79, 259.73, 22471, 1654, 89
2026/09/16 12:06:57.280, 0, NVIDIA GeForce RTX 3090, 580.178.04, P2, 79, 264.65, 22471, 1654, 89
2026/09/16 12:06:57.530, 0, NVIDIA GeForce RTX 3090, 580.178.04, P2, 79, 264.65, 22471, 1654, 89
2026/09/16 12:06:57.780, 0, NVIDIA GeForce RTX 3090, 580.178.04, P2, 79, 265.60, 22471, 1654, 86
2026/09/16 12:06:58.031, 0, NVIDIA GeForce RTX 3090, 580.178.04, P2, 79, 265.60, 22471, 1654, 86
2026/09/16 12:06:58.281, 0, NVIDIA GeForce RTX 3090, 580.178.04, P2, 79, 258.20, 22471, 1654, 86
2026/09/16 12:06:58.533, 0, NVIDIA GeForce RTX 3090, 580.178.04, P2, 79, 258.20, 22471, 1654, 86
2026/09/16 12:06:58.783, 0, NVIDIA GeForce RTX 3090, 580.178.04, P2, 79, 261.89, 22471, 1654, 89
2026/09/16 12:06:59.034, 0, NVIDIA GeForce RTX 3090, 580.178.04, P2, 79, 261.89, 22471, 1654, 89
2026/09/16 12:06:59.284, 0, NVIDIA GeForce RTX 3090, 580.178.04, P2, 79, 270.80, 22471, 1654, 89
2026/09/16 12:06:59.534, 0, NVIDIA GeForce RTX 3090, 580.178.04, P2, 79, 270.80, 22471, 1654, 89
2026/09/16 12:06:59.785, 0, NVIDIA GeForce RTX 3090, 580.178.04, P2, 79, 275.73, 22471, 1654, 89
2026/09/16 12:07:00.035, 0, NVIDIA GeForce RTX 3090, 580.178.04, P2, 79, 275.73, 22471, 1654, 89
2026/09/16 12:07:00.285, 0, NVIDIA GeForce RTX 3090, 580.178.04, P2, 79, 270.95, 22471, 1654, 89
2026/09/16 12:07:00.536, 0, NVIDIA GeForce RTX 3090, 580.178.04, P2, 79, 270.95, 22471, 1654, 89
2026/09/16 12:07:00.786, 0, NVIDIA GeForce RTX 3090, 580.178.04, P2, 77, 264.18, 22471, 1654, 50
2026/09/16 12:07:01.037, 0, NVIDIA GeForce RTX 3090, 580.178.04, P2, 77, 264.18, 22471, 1654, 50
2026/09/16 12:07:01.288, 0, NVIDIA GeForce RTX 3090, 580.178.04, P2, 79, 267.20, 22471, 1654, 50
2026/09/16 12:07:01.538, 0, NVIDIA GeForce RTX 3090, 580.178.04, P2, 79, 267.20, 22471, 1654, 50
2026/09/16 12:07:01.789, 0, NVIDIA GeForce RTX 3090, 580.178.04, P2, 78, 271.89, 22471, 1654, 99
2026/09/16 12:07:02.039, 0, NVIDIA GeForce RTX 3090, 580.178.04, P2, 78, 271.89, 22471, 1654, 99
2026/09/16 12:07:02.290, 0, NVIDIA GeForce RTX 3090, 580.178.04, P2, 79, 279.24, 22471, 1654, 99
2026/09/16 12:07:02.540, 0, NVIDIA GeForce RTX 3090, 580.178.04, P2, 79, 279.24, 22471, 1654, 99
2026/09/16 12:07:02.791, 0, NVIDIA GeForce RTX 3090, 580.178.04, P2, 79, 263.15, 22471, 1654, 89
2026/09/16 12:07:03.041, 0, NVIDIA GeForce RTX 3090, 580.178.04, P2, 79, 263.15, 22471, 1654, 89
2026/09/16 12:07:03.291, 0, NVIDIA GeForce RTX 3090, 580.178.04, P2, 79, 255.46, 22471, 1654, 89
2026/09/16 12:07:03.542, 0, NVIDIA GeForce RTX 3090, 580.178.04, P2, 79, 255.46, 22471, 1654, 89
2026/09/16 12:07:03.793, 0, NVIDIA GeForce RTX 3090, 580.178.04, P2, 78, 256.02, 22471, 1654, 90
2026/09/16 12:07:04.043, 0, NVIDIA GeForce RTX 3090, 580.178.04, P2, 78, 256.02, 22471, 1654, 90
2026/09/16 12:07:04.294, 0, NVIDIA GeForce RTX 3090, 580.178.04, P2, 79, 252.34, 22471, 1654, 90
2026/09/16 12:07:04.544, 0, NVIDIA GeForce RTX 3090, 580.178.04, P2, 79, 252.34, 22471, 1654, 90
2026/09/16 12:07:04.794, 0, NVIDIA GeForce RTX 3090, 580.178.04, P2, 79, 252.13, 22471, 1654, 92
2026/09/16 12:07:05.044, 0, NVIDIA GeForce RTX 3090, 580.178.04, P2, 79, 252.13, 22471, 1654, 92
2026/09/16 12:07:05.295, 0, NVIDIA GeForce RTX 3090, 580.178.04, P2, 78, 254.76, 22471, 1654, 92
2026/09/16 12:07:05.545, 0, NVIDIA GeForce RTX 3090, 580.178.04, P2, 78, 254.76, 22471, 1654, 92
2026/09/16 12:07:05.795, 0, NVIDIA GeForce RTX 3090, 580.178.04, P2, 79, 257.70, 22471, 1654, 90
2026/09/16 12:07:06.046, 0, NVIDIA GeForce RTX 3090, 580.178.04, P2, 79, 257.70, 22471, 1654, 90
2026/09/16 12:07:06.296, 0, NVIDIA GeForce RTX 3090, 580.178.04, P2, 79, 259.47, 22471, 1654, 90
2026/09/16 12:07:06.546, 0, NVIDIA GeForce RTX 3090, 580.178.04, P2, 79, 259.47, 22471, 1654, 90
2026/09/16 12:07:06.796, 0, NVIDIA GeForce RTX 3090, 580.178.04, P2, 79, 259.67, 22471, 1654, 93
2026/09/16 12:07:07.047, 0, NVIDIA GeForce RTX 3090, 580.178.04, P2, 79, 259.67, 22471, 1654, 93
2026/09/16 12:07:07.297, 0, NVIDIA GeForce RTX 3090, 580.178.04, P2, 79, 264.58, 22471, 1654, 93
2026/09/16 12:07:07.547, 0, NVIDIA GeForce RTX 3090, 580.178.04, P2, 79, 264.58, 22471, 1654, 93
2026/09/16 12:07:07.797, 0, NVIDIA GeForce RTX 3090, 580.178.04, P2, 79, 265.75, 22471, 1654, 92
2026/09/16 12:07:08.047, 0, NVIDIA GeForce RTX 3090, 580.178.04, P2, 79, 265.75, 22471, 1654, 92
2026/09/16 12:07:08.298, 0, NVIDIA GeForce RTX 3090, 580.178.04, P2, 79, 266.38, 22471, 1654, 92
2026/09/16 12:07:08.548, 0, NVIDIA GeForce RTX 3090, 580.178.04, P2, 79, 266.38, 22471, 1654, 92
2026/09/16 12:07:08.799, 0, NVIDIA GeForce RTX 3090, 580.178.04, P2, 79, 269.57, 22471, 1654, 88
2026/09/16 12:07:09.049, 0, NVIDIA GeForce RTX 3090, 580.178.04, P2, 79, 269.57, 22471, 1654, 88
2026/09/16 12:07:09.299, 0, NVIDIA GeForce RTX 3090, 580.178.04, P2, 79, 267.87, 22471, 1654, 88
2026/09/16 12:07:09.550, 0, NVIDIA GeForce RTX 3090, 580.178.04, P2, 79, 267.87, 22471, 1654, 88
2026/09/16 12:07:09.800, 0, NVIDIA GeForce RTX 3090, 580.178.04, P2, 79, 264.90, 22471, 1654, 89
2026/09/16 12:07:10.053, 0, NVIDIA GeForce RTX 3090, 580.178.04, P2, 79, 264.90, 22471, 1654, 89
2026/09/16 12:07:10.303, 0, NVIDIA GeForce RTX 3090, 580.178.04, P2, 79, 259.13, 22471, 1654, 89
2026/09/16 12:07:10.554, 0, NVIDIA GeForce RTX 3090, 580.178.04, P2, 79, 259.13, 22471, 1654, 89
2026/09/16 12:07:10.805, 0, NVIDIA GeForce RTX 3090, 580.178.04, P2, 79, 266.34, 22471, 1654, 99
2026/09/16 12:07:11.055, 0, NVIDIA GeForce RTX 3090, 580.178.04, P2, 79, 266.34, 22471, 1654, 99
2026/09/16 12:07:11.306, 0, NVIDIA GeForce RTX 3090, 580.178.04, P2, 79, 279.99, 22471, 1654, 99
2026/09/16 12:07:11.556, 0, NVIDIA GeForce RTX 3090, 580.178.04, P2, 79, 279.99, 22471, 1654, 99
2026/09/16 12:07:11.807, 0, NVIDIA GeForce RTX 3090, 580.178.04, P2, 79, 265.96, 22471, 1654, 90
2026/09/16 12:07:12.057, 0, NVIDIA GeForce RTX 3090, 580.178.04, P2, 79, 265.96, 22471, 1654, 90
2026/09/16 12:07:12.307, 0, NVIDIA GeForce RTX 3090, 580.178.04, P2, 79, 255.86, 22471, 1654, 90
2026/09/16 12:07:12.558, 0, NVIDIA GeForce RTX 3090, 580.178.04, P2, 79, 255.86, 22471, 1654, 90
2026/09/16 12:07:12.808, 0, NVIDIA GeForce RTX 3090, 580.178.04, P2, 79, 254.16, 22471, 1654, 89
2026/09/16 12:07:13.058, 0, NVIDIA GeForce RTX 3090, 580.178.04, P2, 79, 254.16, 22471, 1654, 89
2026/09/16 12:07:13.309, 0, NVIDIA GeForce RTX 3090, 580.178.04, P2, 78, 252.98, 22471, 1654, 89
2026/09/16 12:07:13.559, 0, NVIDIA GeForce RTX 3090, 580.178.04, P2, 78, 252.98, 22471, 1654, 89
2026/09/16 12:07:13.809, 0, NVIDIA GeForce RTX 3090, 580.178.04, P2, 78, 248.32, 22471, 1654, 92
2026/09/16 12:07:14.059, 0, NVIDIA GeForce RTX 3090, 580.178.04, P2, 78, 248.32, 22471, 1654, 92
2026/09/16 12:07:14.310, 0, NVIDIA GeForce RTX 3090, 580.178.04, P2, 78, 247.06, 22471, 1654, 92
2026/09/16 12:07:14.560, 0, NVIDIA GeForce RTX 3090, 580.178.04, P2, 78, 247.06, 22471, 1654, 92
2026/09/16 12:07:14.810, 0, NVIDIA GeForce RTX 3090, 580.178.04, P2, 79, 251.78, 22471, 1654, 93
2026/09/16 12:07:15.061, 0, NVIDIA GeForce RTX 3090, 580.178.04, P2, 79, 251.78, 22471, 1654, 93
2026/09/16 12:07:15.311, 0, NVIDIA GeForce RTX 3090, 580.178.04, P2, 79, 255.67, 22471, 1654, 93
2026/09/16 12:07:15.561, 0, NVIDIA GeForce RTX 3090, 580.178.04, P2, 79, 255.67, 22471, 1654, 93
2026/09/16 12:07:15.812, 0, NVIDIA GeForce RTX 3090, 580.178.04, P2, 79, 260.55, 22471, 1654, 90
2026/09/16 12:07:16.062, 0, NVIDIA GeForce RTX 3090, 580.178.04, P2, 79, 263.34, 22471, 1654, 90
2026/09/16 12:07:16.313, 0, NVIDIA GeForce RTX 3090, 580.178.04, P2, 79, 263.34, 22471, 1654, 90
2026/09/16 12:07:16.563, 0, NVIDIA GeForce RTX 3090, 580.178.04, P2, 79, 261.87, 22471, 1654, 89
2026/09/16 12:07:16.813, 0, NVIDIA GeForce RTX 3090, 580.178.04, P2, 79, 261.87, 22471, 1654, 89
2026/09/16 12:07:17.063, 0, NVIDIA GeForce RTX 3090, 580.178.04, P2, 79, 264.70, 22471, 1654, 89
2026/09/16 12:07:17.314, 0, NVIDIA GeForce RTX 3090, 580.178.04, P2, 79, 264.70, 22471, 1654, 89
2026/09/16 12:07:17.564, 0, NVIDIA GeForce RTX 3090, 580.178.04, P2, 79, 267.23, 22471, 1654, 88
2026/09/16 12:07:17.814, 0, NVIDIA GeForce RTX 3090, 580.178.04, P2, 79, 267.23, 22471, 1654, 88
2026/09/16 12:07:18.065, 0, NVIDIA GeForce RTX 3090, 580.178.04, P2, 79, 269.87, 22471, 1654, 88
2026/09/16 12:07:18.315, 0, NVIDIA GeForce RTX 3090, 580.178.04, P2, 79, 269.87, 22471, 1654, 88
2026/09/16 12:07:18.565, 0, NVIDIA GeForce RTX 3090, 580.178.04, P2, 79, 273.56, 22471, 1654, 89
2026/09/16 12:07:18.815, 0, NVIDIA GeForce RTX 3090, 580.178.04, P2, 79, 273.56, 22471, 1654, 89
2026/09/16 12:07:19.066, 0, NVIDIA GeForce RTX 3090, 580.178.04, P2, 76, 257.38, 22471, 1654, 89
2026/09/16 12:07:19.316, 0, NVIDIA GeForce RTX 3090, 580.178.04, P2, 76, 257.38, 22471, 1654, 89
2026/09/16 12:07:19.566, 0, NVIDIA GeForce RTX 3090, 580.178.04, P2, 75, 202.82, 22471, 1654, 0
2026/09/16 12:07:19.816, 0, NVIDIA GeForce RTX 3090, 580.178.04, P2, 75, 202.82, 22471, 1654, 0
2026/09/16 12:07:20.067, 0, NVIDIA GeForce RTX 3090, 580.178.04, P2, 78, 173.41, 22471, 1654, 0
2026/09/16 12:07:20.317, 0, NVIDIA GeForce RTX 3090, 580.178.04, P2, 78, 173.41, 22471, 1654, 0
2026/09/16 12:07:20.568, 0, NVIDIA GeForce RTX 3090, 580.178.04, P2, 78, 229.40, 22471, 1654, 99
2026/09/16 12:07:20.818, 0, NVIDIA GeForce RTX 3090, 580.178.04, P2, 78, 229.40, 22471, 1654, 99
2026/09/16 12:07:21.069, 0, NVIDIA GeForce RTX 3090, 580.178.04, P2, 78, 280.59, 22471, 1654, 99
2026/09/16 12:07:21.319, 0, NVIDIA GeForce RTX 3090, 580.178.04, P2, 78, 280.59, 22471, 1654, 99
2026/09/16 12:07:21.570, 0, NVIDIA GeForce RTX 3090, 580.178.04, P2, 79, 270.47, 22471, 1654, 91
2026/09/16 12:07:21.820, 0, NVIDIA GeForce RTX 3090, 580.178.04, P2, 79, 270.47, 22471, 1654, 91
2026/09/16 12:07:22.070, 0, NVIDIA GeForce RTX 3090, 580.178.04, P2, 79, 270.31, 22471, 1654, 91
2026/09/16 12:07:22.321, 0, NVIDIA GeForce RTX 3090, 580.178.04, P2, 79, 270.31, 22471, 1654, 91
2026/09/16 12:07:22.571, 0, NVIDIA GeForce RTX 3090, 580.178.04, P2, 79, 273.86, 22471, 1654, 92
2026/09/16 12:07:22.821, 0, NVIDIA GeForce RTX 3090, 580.178.04, P2, 79, 273.86, 22471, 1654, 92
2026/09/16 12:07:23.072, 0, NVIDIA GeForce RTX 3090, 580.178.04, P2, 79, 271.09, 22471, 1654, 92
2026/09/16 12:07:23.322, 0, NVIDIA GeForce RTX 3090, 580.178.04, P2, 79, 271.09, 22471, 1654, 92
2026/09/16 12:07:23.572, 0, NVIDIA GeForce RTX 3090, 580.178.04, P2, 79, 269.11, 22471, 1654, 91
2026/09/16 12:07:23.822, 0, NVIDIA GeForce RTX 3090, 580.178.04, P2, 79, 269.11, 22471, 1654, 91
2026/09/16 12:07:24.073, 0, NVIDIA GeForce RTX 3090, 580.178.04, P2, 79, 269.47, 22471, 1654, 91
2026/09/16 12:07:24.323, 0, NVIDIA GeForce RTX 3090, 580.178.04, P2, 79, 269.47, 22471, 1654, 91
2026/09/16 12:07:24.574, 0, NVIDIA GeForce RTX 3090, 580.178.04, P2, 79, 266.45, 22471, 1654, 91
2026/09/16 12:07:24.824, 0, NVIDIA GeForce RTX 3090, 580.178.04, P2, 79, 266.45, 22471, 1654, 91
2026/09/16 12:07:25.074, 0, NVIDIA GeForce RTX 3090, 580.178.04, P2, 79, 266.42, 22471, 1654, 91
2026/09/16 12:07:25.325, 0, NVIDIA GeForce RTX 3090, 580.178.04, P2, 79, 266.42, 22471, 1654, 91
2026/09/16 12:07:25.575, 0, NVIDIA GeForce RTX 3090, 580.178.04, P2, 79, 263.89, 22471, 1654, 92
2026/09/16 12:07:25.825, 0, NVIDIA GeForce RTX 3090, 580.178.04, P2, 79, 263.89, 22471, 1654, 92
2026/09/16 12:07:26.076, 0, NVIDIA GeForce RTX 3090, 580.178.04, P2, 79, 262.01, 22471, 1654, 92
2026/09/16 12:07:26.326, 0, NVIDIA GeForce RTX 3090, 580.178.04, P2, 79, 262.01, 22471, 1654, 92
2026/09/16 12:07:26.576, 0, NVIDIA GeForce RTX 3090, 580.178.04, P2, 79, 265.04, 22471, 1654, 93
2026/09/16 12:07:26.827, 0, NVIDIA GeForce RTX 3090, 580.178.04, P2, 79, 265.04, 22471, 1654, 93
2026/09/16 12:07:27.077, 0, NVIDIA GeForce RTX 3090, 580.178.04, P2, 79, 267.18, 22471, 1654, 93
2026/09/16 12:07:27.327, 0, NVIDIA GeForce RTX 3090, 580.178.04, P2, 79, 267.18, 22471, 1654, 93
2026/09/16 12:07:27.578, 0, NVIDIA GeForce RTX 3090, 580.178.04, P2, 79, 268.26, 22471, 1654, 92
2026/09/16 12:07:27.828, 0, NVIDIA GeForce RTX 3090, 580.178.04, P2, 79, 268.26, 22471, 1654, 92
2026/09/16 12:07:28.078, 0, NVIDIA GeForce RTX 3090, 580.178.04, P2, 79, 268.49, 22471, 1654, 92
2026/09/16 12:07:28.328, 0, NVIDIA GeForce RTX 3090, 580.178.04, P2, 79, 268.49, 22471, 1654, 92
2026/09/16 12:07:28.579, 0, NVIDIA GeForce RTX 3090, 580.178.04, P2, 79, 260.25, 22471, 1654, 89
2026/09/16 12:07:28.829, 0, NVIDIA GeForce RTX 3090, 580.178.04, P2, 79, 260.25, 22471, 1654, 89
2026/09/16 12:07:29.080, 0, NVIDIA GeForce RTX 3090, 580.178.04, P2, 79, 268.88, 22471, 1654, 89
2026/09/16 12:07:29.330, 0, NVIDIA GeForce RTX 3090, 580.178.04, P2, 79, 268.88, 22471, 1654, 89
2026/09/16 12:07:29.580, 0, NVIDIA GeForce RTX 3090, 580.178.04, P2, 79, 281.93, 22471, 1654, 99
2026/09/16 12:07:29.831, 0, NVIDIA GeForce RTX 3090, 580.178.04, P2, 79, 281.93, 22471, 1654, 99
2026/09/16 12:07:30.081, 0, NVIDIA GeForce RTX 3090, 580.178.04, P2, 79, 273.17, 22471, 1654, 99
2026/09/16 12:07:30.331, 0, NVIDIA GeForce RTX 3090, 580.178.04, P2, 79, 273.17, 22471, 1654, 99
2026/09/16 12:07:30.582, 0, NVIDIA GeForce RTX 3090, 580.178.04, P2, 79, 272.95, 22471, 1654, 88
2026/09/16 12:07:30.832, 0, NVIDIA GeForce RTX 3090, 580.178.04, P2, 79, 272.95, 22471, 1654, 88
2026/09/16 12:07:31.082, 0, NVIDIA GeForce RTX 3090, 580.178.04, P2, 80, 274.29, 22471, 1654, 88
2026/09/16 12:07:31.333, 0, NVIDIA GeForce RTX 3090, 580.178.04, P2, 80, 274.29, 22471, 1654, 88
2026/09/16 12:07:31.583, 0, NVIDIA GeForce RTX 3090, 580.178.04, P2, 80, 273.67, 22471, 1654, 92
2026/09/16 12:07:31.833, 0, NVIDIA GeForce RTX 3090, 580.178.04, P2, 80, 273.67, 22471, 1654, 92
2026/09/16 12:07:32.084, 0, NVIDIA GeForce RTX 3090, 580.178.04, P2, 79, 273.56, 22471, 1654, 92
2026/09/16 12:07:32.334, 0, NVIDIA GeForce RTX 3090, 580.178.04, P2, 79, 273.56, 22471, 1654, 92
2026/09/16 12:07:32.584, 0, NVIDIA GeForce RTX 3090, 580.178.04, P2, 80, 272.34, 22471, 1654, 87
2026/09/16 12:07:32.834, 0, NVIDIA GeForce RTX 3090, 580.178.04, P2, 80, 272.34, 22471, 1654, 87
2026/09/16 12:07:33.085, 0, NVIDIA GeForce RTX 3090, 580.178.04, P2, 79, 274.18, 22471, 1654, 87
2026/09/16 12:07:33.335, 0, NVIDIA GeForce RTX 3090, 580.178.04, P2, 79, 274.18, 22471, 1654, 87
2026/09/16 12:07:33.585, 0, NVIDIA GeForce RTX 3090, 580.178.04, P2, 79, 273.42, 22471, 1654, 89
2026/09/16 12:07:33.836, 0, NVIDIA GeForce RTX 3090, 580.178.04, P2, 79, 273.42, 22471, 1654, 89
2026/09/16 12:07:34.086, 0, NVIDIA GeForce RTX 3090, 580.178.04, P2, 79, 271.06, 22471, 1654, 89
2026/09/16 12:07:34.336, 0, NVIDIA GeForce RTX 3090, 580.178.04, P2, 79, 271.06, 22471, 1654, 89
2026/09/16 12:07:34.587, 0, NVIDIA GeForce RTX 3090, 580.178.04, P2, 80, 271.24, 22471, 1654, 87
2026/09/16 12:07:34.837, 0, NVIDIA GeForce RTX 3090, 580.178.04, P2, 80, 271.24, 22471, 1654, 87
2026/09/16 12:07:35.087, 0, NVIDIA GeForce RTX 3090, 580.178.04, P2, 80, 271.75, 22471, 1654, 87
2026/09/16 12:07:35.337, 0, NVIDIA GeForce RTX 3090, 580.178.04, P2, 80, 271.75, 22471, 1654, 87
2026/09/16 12:07:35.587, 0, NVIDIA GeForce RTX 3090, 580.178.04, P2, 79, 272.88, 22471, 1654, 89
2026/09/16 12:07:35.838, 0, NVIDIA GeForce RTX 3090, 580.178.04, P2, 79, 272.88, 22471, 1654, 89
2026/09/16 12:07:36.088, 0, NVIDIA GeForce RTX 3090, 580.178.04, P2, 80, 271.91, 22471, 1654, 89
2026/09/16 12:07:36.338, 0, NVIDIA GeForce RTX 3090, 580.178.04, P2, 80, 271.91, 22471, 1654, 89
2026/09/16 12:07:36.589, 0, NVIDIA GeForce RTX 3090, 580.178.04, P2, 79, 264.72, 22471, 1654, 62
2026/09/16 12:07:36.839, 0, NVIDIA GeForce RTX 3090, 580.178.04, P2, 79, 264.72, 22471, 1654, 62
2026/09/16 12:07:37.090, 0, NVIDIA GeForce RTX 3090, 580.178.04, P2, 79, 269.03, 22471, 1654, 62
2026/09/16 12:07:37.340, 0, NVIDIA GeForce RTX 3090, 580.178.04, P2, 79, 269.03, 22471, 1654, 62
2026/09/16 12:07:37.591, 0, NVIDIA GeForce RTX 3090, 580.178.04, P2, 79, 278.78, 22471, 1654, 99
2026/09/16 12:07:37.841, 0, NVIDIA GeForce RTX 3090, 580.178.04, P2, 79, 278.78, 22471, 1654, 99
2026/09/16 12:07:38.092, 0, NVIDIA GeForce RTX 3090, 580.178.04, P2, 80, 273.37, 22471, 1654, 99
2026/09/16 12:07:38.342, 0, NVIDIA GeForce RTX 3090, 580.178.04, P2, 80, 273.37, 22471, 1654, 99
2026/09/16 12:07:38.592, 0, NVIDIA GeForce RTX 3090, 580.178.04, P2, 80, 272.30, 22471, 1654, 90
2026/09/16 12:07:38.843, 0, NVIDIA GeForce RTX 3090, 580.178.04, P2, 80, 272.30, 22471, 1654, 90
2026/09/16 12:07:39.093, 0, NVIDIA GeForce RTX 3090, 580.178.04, P2, 80, 274.37, 22471, 1654, 90
2026/09/16 12:07:39.343, 0, NVIDIA GeForce RTX 3090, 580.178.04, P2, 80, 274.37, 22471, 1654, 90
2026/09/16 12:07:39.594, 0, NVIDIA GeForce RTX 3090, 580.178.04, P2, 79, 272.80, 22471, 1654, 91
2026/09/16 12:07:39.844, 0, NVIDIA GeForce RTX 3090, 580.178.04, P2, 79, 272.80, 22471, 1654, 91
2026/09/16 12:07:40.095, 0, NVIDIA GeForce RTX 3090, 580.178.04, P2, 80, 266.62, 22471, 1654, 91
2026/09/16 12:07:40.345, 0, NVIDIA GeForce RTX 3090, 580.178.04, P2, 80, 266.62, 22471, 1654, 91
2026/09/16 12:07:40.595, 0, NVIDIA GeForce RTX 3090, 580.178.04, P2, 80, 263.93, 22471, 1654, 91
2026/09/16 12:07:40.846, 0, NVIDIA GeForce RTX 3090, 580.178.04, P2, 80, 263.93, 22471, 1654, 91
2026/09/16 12:07:41.096, 0, NVIDIA GeForce RTX 3090, 580.178.04, P2, 79, 267.68, 22471, 1654, 91
2026/09/16 12:07:41.347, 0, NVIDIA GeForce RTX 3090, 580.178.04, P2, 79, 267.68, 22471, 1654, 91
2026/09/16 12:07:41.597, 0, NVIDIA GeForce RTX 3090, 580.178.04, P2, 80, 269.04, 22471, 1654, 93
2026/09/16 12:07:41.847, 0, NVIDIA GeForce RTX 3090, 580.178.04, P2, 80, 269.04, 22471, 1654, 93
2026/09/16 12:07:42.097, 0, NVIDIA GeForce RTX 3090, 580.178.04, P2, 80, 269.06, 22471, 1654, 93
2026/09/16 12:07:42.348, 0, NVIDIA GeForce RTX 3090, 580.178.04, P2, 80, 269.06, 22471, 1654, 93
2026/09/16 12:07:42.598, 0, NVIDIA GeForce RTX 3090, 580.178.04, P2, 80, 265.28, 22471, 1654, 92
2026/09/16 12:07:42.848, 0, NVIDIA GeForce RTX 3090, 580.178.04, P2, 80, 265.28, 22471, 1654, 92
2026/09/16 12:07:43.099, 0, NVIDIA GeForce RTX 3090, 580.178.04, P2, 79, 265.96, 22471, 1654, 92
2026/09/16 12:07:43.349, 0, NVIDIA GeForce RTX 3090, 580.178.04, P2, 79, 265.96, 22471, 1654, 92
2026/09/16 12:07:43.600, 0, NVIDIA GeForce RTX 3090, 580.178.04, P2, 80, 263.77, 22471, 1654, 93
2026/09/16 12:07:43.850, 0, NVIDIA GeForce RTX 3090, 580.178.04, P2, 80, 263.77, 22471, 1654, 93
2026/09/16 12:07:44.100, 0, NVIDIA GeForce RTX 3090, 580.178.04, P2, 79, 261.62, 22471, 1654, 93
2026/09/16 12:07:44.350, 0, NVIDIA GeForce RTX 3090, 580.178.04, P2, 79, 261.62, 22471, 1654, 93
2026/09/16 12:07:44.601, 0, NVIDIA GeForce RTX 3090, 580.178.04, P2, 80, 266.68, 22471, 1654, 91
2026/09/16 12:07:44.851, 0, NVIDIA GeForce RTX 3090, 580.178.04, P2, 80, 266.68, 22471, 1654, 91
2026/09/16 12:07:45.101, 0, NVIDIA GeForce RTX 3090, 580.178.04, P2, 77, 258.20, 22471, 1654, 91
2026/09/16 12:07:45.352, 0, NVIDIA GeForce RTX 3090, 580.178.04, P2, 77, 258.20, 22471, 1654, 91
2026/09/16 12:07:45.602, 0, NVIDIA GeForce RTX 3090, 580.178.04, P2, 79, 266.33, 22471, 1654, 99
2026/09/16 12:07:45.853, 0, NVIDIA GeForce RTX 3090, 580.178.04, P2, 79, 266.33, 22471, 1654, 99
2026/09/16 12:07:46.103, 0, NVIDIA GeForce RTX 3090, 580.178.04, P2, 79, 277.08, 22471, 1654, 99
2026/09/16 12:07:46.354, 0, NVIDIA GeForce RTX 3090, 580.178.04, P2, 79, 277.08, 22471, 1654, 99
2026/09/16 12:07:46.604, 0, NVIDIA GeForce RTX 3090, 580.178.04, P2, 79, 273.57, 22471, 1654, 86
2026/09/16 12:07:46.854, 0, NVIDIA GeForce RTX 3090, 580.178.04, P2, 79, 273.57, 22471, 1654, 86
2026/09/16 12:07:47.104, 0, NVIDIA GeForce RTX 3090, 580.178.04, P2, 80, 272.63, 22471, 1654, 86
2026/09/16 12:07:47.355, 0, NVIDIA GeForce RTX 3090, 580.178.04, P2, 80, 272.63, 22471, 1654, 86
2026/09/16 12:07:47.605, 0, NVIDIA GeForce RTX 3090, 580.178.04, P2, 80, 268.83, 22471, 1654, 88
2026/09/16 12:07:47.855, 0, NVIDIA GeForce RTX 3090, 580.178.04, P2, 80, 268.83, 22471, 1654, 88
2026/09/16 12:07:48.106, 0, NVIDIA GeForce RTX 3090, 580.178.04, P2, 80, 270.69, 22471, 1654, 88
2026/09/16 12:07:48.356, 0, NVIDIA GeForce RTX 3090, 580.178.04, P2, 80, 270.69, 22471, 1654, 88
2026/09/16 12:07:48.606, 0, NVIDIA GeForce RTX 3090, 580.178.04, P2, 80, 271.80, 22471, 1654, 91
2026/09/16 12:07:48.857, 0, NVIDIA GeForce RTX 3090, 580.178.04, P2, 80, 271.80, 22471, 1654, 91
2026/09/16 12:07:49.107, 0, NVIDIA GeForce RTX 3090, 580.178.04, P2, 80, 269.60, 22471, 1654, 91
2026/09/16 12:07:49.357, 0, NVIDIA GeForce RTX 3090, 580.178.04, P2, 80, 269.60, 22471, 1654, 91
2026/09/16 12:07:49.608, 0, NVIDIA GeForce RTX 3090, 580.178.04, P2, 80, 269.17, 22471, 1654, 90
2026/09/16 12:07:49.858, 0, NVIDIA GeForce RTX 3090, 580.178.04, P2, 80, 269.17, 22471, 1654, 90
2026/09/16 12:07:50.108, 0, NVIDIA GeForce RTX 3090, 580.178.04, P2, 80, 269.30, 22471, 1654, 90
2026/09/16 12:07:50.359, 0, NVIDIA GeForce RTX 3090, 580.178.04, P2, 80, 269.30, 22471, 1654, 90
2026/09/16 12:07:50.609, 0, NVIDIA GeForce RTX 3090, 580.178.04, P2, 80, 269.89, 22471, 1654, 88
2026/09/16 12:07:50.859, 0, NVIDIA GeForce RTX 3090, 580.178.04, P2, 80, 269.89, 22471, 1654, 88
2026/09/16 12:07:51.109, 0, NVIDIA GeForce RTX 3090, 580.178.04, P2, 80, 269.91, 22471, 1654, 88
2026/09/16 12:07:51.360, 0, NVIDIA GeForce RTX 3090, 580.178.04, P2, 80, 269.91, 22471, 1654, 88
2026/09/16 12:07:51.610, 0, NVIDIA GeForce RTX 3090, 580.178.04, P2, 80, 272.09, 22471, 1654, 90
2026/09/16 12:07:51.860, 0, NVIDIA GeForce RTX 3090, 580.178.04, P2, 80, 272.09, 22471, 1654, 90
2026/09/16 12:07:52.111, 0, NVIDIA GeForce RTX 3090, 580.178.04, P2, 80, 273.84, 22471, 1654, 90
2026/09/16 12:07:52.361, 0, NVIDIA GeForce RTX 3090, 580.178.04, P2, 80, 273.84, 22471, 1654, 90
2026/09/16 12:07:52.611, 0, NVIDIA GeForce RTX 3090, 580.178.04, P2, 80, 276.35, 22471, 1654, 89
2026/09/16 12:07:52.861, 0, NVIDIA GeForce RTX 3090, 580.178.04, P2, 80, 276.35, 22471, 1654, 89
2026/09/16 12:07:53.112, 0, NVIDIA GeForce RTX 3090, 580.178.04, P2, 80, 273.12, 22471, 1654, 89
2026/09/16 12:07:53.362, 0, NVIDIA GeForce RTX 3090, 580.178.04, P2, 80, 273.12, 22475, 1650, 89
2026/09/16 12:07:53.612, 0, NVIDIA GeForce RTX 3090, 580.178.04, P2, 77, 235.18, 22475, 1650, 56
2026/09/16 12:07:53.863, 0, NVIDIA GeForce RTX 3090, 580.178.04, P2, 77, 235.18, 22475, 1650, 56
2026/09/16 12:07:54.113, 0, NVIDIA GeForce RTX 3090, 580.178.04, P2, 78, 217.91, 22475, 1650, 56
2026/09/16 12:07:54.363, 0, NVIDIA GeForce RTX 3090, 580.178.04, P2, 78, 217.91, 22475, 1650, 56
2026/09/16 12:07:54.613, 0, NVIDIA GeForce RTX 3090, 580.178.04, P2, 77, 212.46, 22475, 1650, 65
2026/09/16 12:07:54.864, 0, NVIDIA GeForce RTX 3090, 580.178.04, P2, 77, 212.46, 22475, 1650, 65
2026/09/16 12:07:55.114, 0, NVIDIA GeForce RTX 3090, 580.178.04, P2, 79, 219.71, 22475, 1650, 65
2026/09/16 12:07:55.364, 0, NVIDIA GeForce RTX 3090, 580.178.04, P2, 79, 219.71, 22475, 1650, 65
2026/09/16 12:07:55.615, 0, NVIDIA GeForce RTX 3090, 580.178.04, P2, 77, 218.00, 22475, 1650, 46
2026/09/16 12:07:55.865, 0, NVIDIA GeForce RTX 3090, 580.178.04, P2, 77, 218.00, 22475, 1650, 46
2026/09/16 12:07:56.116, 0, NVIDIA GeForce RTX 3090, 580.178.04, P2, 77, 218.99, 22475, 1650, 46
2026/09/16 12:07:56.366, 0, NVIDIA GeForce RTX 3090, 580.178.04, P2, 77, 218.99, 22475, 1650, 46
2026/09/16 12:07:56.617, 0, NVIDIA GeForce RTX 3090, 580.178.04, P2, 78, 220.60, 22475, 1650, 91
2026/09/16 12:07:56.867, 0, NVIDIA GeForce RTX 3090, 580.178.04, P2, 78, 220.60, 22475, 1650, 91
2026/09/16 12:07:57.118, 0, NVIDIA GeForce RTX 3090, 580.178.04, P2, 78, 221.61, 22475, 1650, 91
2026/09/16 12:07:57.368, 0, NVIDIA GeForce RTX 3090, 580.178.04, P2, 78, 221.61, 22475, 1650, 91
2026/09/16 12:07:57.619, 0, NVIDIA GeForce RTX 3090, 580.178.04, P2, 78, 229.16, 22475, 1650, 90
2026/09/16 12:07:57.869, 0, NVIDIA GeForce RTX 3090, 580.178.04, P2, 78, 229.16, 22475, 1650, 90
2026/09/16 12:07:58.119, 0, NVIDIA GeForce RTX 3090, 580.178.04, P2, 78, 226.57, 22475, 1650, 90
2026/09/16 12:07:58.370, 0, NVIDIA GeForce RTX 3090, 580.178.04, P2, 78, 226.57, 22475, 1650, 90
