2026/09/16 10:12:41.749, 0, NVIDIA GeForce RTX 3090, 580.178.04, P2, 61, 113.56, 19503, 4622, 47
2026/09/16 10:12:42.003, 0, NVIDIA GeForce RTX 3090, 580.178.04, P2, 61, 114.69, 19707, 4418, 0
2026/09/16 10:12:42.253, 0, NVIDIA GeForce RTX 3090, 580.178.04, P2, 61, 114.69, 19707, 4418, 0
2026/09/16 10:12:42.503, 0, NVIDIA GeForce RTX 3090, 580.178.04, P2, 61, 112.50, 20537, 3588, 0
2026/09/16 10:12:42.754, 0, NVIDIA GeForce RTX 3090, 580.178.04, P2, 61, 112.50, 22015, 2110, 0
2026/09/16 10:12:43.004, 0, NVIDIA GeForce RTX 3090, 580.178.04, P2, 61, 118.33, 22015, 2110, 0
2026/09/16 10:12:43.254, 0, NVIDIA GeForce RTX 3090, 580.178.04, P2, 61, 118.33, 22285, 1840, 0
2026/09/16 10:12:43.504, 0, NVIDIA GeForce RTX 3090, 580.178.04, P2, 63, 124.98, 22285, 1840, 0
2026/09/16 10:12:43.755, 0, NVIDIA GeForce RTX 3090, 580.178.04, P2, 63, 124.98, 22285, 1840, 0
2026/09/16 10:12:44.005, 0, NVIDIA GeForce RTX 3090, 580.178.04, P2, 67, 182.20, 22285, 1840, 97
2026/09/16 10:12:44.255, 0, NVIDIA GeForce RTX 3090, 580.178.04, P2, 67, 182.20, 22285, 1840, 97
2026/09/16 10:12:44.505, 0, NVIDIA GeForce RTX 3090, 580.178.04, P2, 67, 246.06, 22285, 1840, 97
2026/09/16 10:12:44.756, 0, NVIDIA GeForce RTX 3090, 580.178.04, P2, 67, 246.06, 22285, 1840, 97
2026/09/16 10:12:45.006, 0, NVIDIA GeForce RTX 3090, 580.178.04, P2, 67, 257.00, 22285, 1840, 97
2026/09/16 10:12:45.256, 0, NVIDIA GeForce RTX 3090, 580.178.04, P2, 67, 257.00, 22285, 1840, 97
2026/09/16 10:12:45.507, 0, NVIDIA GeForce RTX 3090, 580.178.04, P2, 68, 260.08, 22285, 1840, 97
2026/09/16 10:12:45.757, 0, NVIDIA GeForce RTX 3090, 580.178.04, P2, 68, 260.08, 22285, 1840, 97
2026/09/16 10:12:46.007, 0, NVIDIA GeForce RTX 3090, 580.178.04, P2, 69, 258.78, 22285, 1840, 87
2026/09/16 10:12:46.257, 0, NVIDIA GeForce RTX 3090, 580.178.04, P2, 69, 258.78, 22285, 1840, 87
2026/09/16 10:12:46.507, 0, NVIDIA GeForce RTX 3090, 580.178.04, P2, 69, 262.11, 22285, 1840, 87
2026/09/16 10:12:46.758, 0, NVIDIA GeForce RTX 3090, 580.178.04, P2, 69, 262.11, 22285, 1840, 87
2026/09/16 10:12:47.008, 0, NVIDIA GeForce RTX 3090, 580.178.04, P2, 69, 272.31, 22285, 1840, 86
2026/09/16 10:12:47.258, 0, NVIDIA GeForce RTX 3090, 580.178.04, P2, 69, 272.31, 22285, 1840, 86
2026/09/16 10:12:47.508, 0, NVIDIA GeForce RTX 3090, 580.178.04, P2, 69, 273.11, 22285, 1840, 86
2026/09/16 10:12:47.759, 0, NVIDIA GeForce RTX 3090, 580.178.04, P2, 69, 273.11, 22285, 1840, 86
2026/09/16 10:12:48.009, 0, NVIDIA GeForce RTX 3090, 580.178.04, P2, 69, 272.98, 22285, 1840, 88
2026/09/16 10:12:48.259, 0, NVIDIA GeForce RTX 3090, 580.178.04, P2, 69, 272.98, 22285, 1840, 88
2026/09/16 10:12:48.509, 0, NVIDIA GeForce RTX 3090, 580.178.04, P2, 69, 270.94, 22285, 1840, 88
2026/09/16 10:12:48.760, 0, NVIDIA GeForce RTX 3090, 580.178.04, P2, 69, 270.94, 22285, 1840, 88
2026/09/16 10:12:49.010, 0, NVIDIA GeForce RTX 3090, 580.178.04, P2, 69, 264.79, 22285, 1840, 90
2026/09/16 10:12:49.260, 0, NVIDIA GeForce RTX 3090, 580.178.04, P2, 69, 264.79, 22285, 1840, 90
2026/09/16 10:12:49.511, 0, NVIDIA GeForce RTX 3090, 580.178.04, P2, 69, 263.73, 22285, 1840, 90
2026/09/16 10:12:49.761, 0, NVIDIA GeForce RTX 3090, 580.178.04, P2, 69, 263.73, 22285, 1840, 90
2026/09/16 10:12:50.012, 0, NVIDIA GeForce RTX 3090, 580.178.04, P2, 69, 258.83, 22285, 1840, 87
2026/09/16 10:12:50.262, 0, NVIDIA GeForce RTX 3090, 580.178.04, P2, 69, 258.83, 22285, 1840, 87
2026/09/16 10:12:50.512, 0, NVIDIA GeForce RTX 3090, 580.178.04, P2, 69, 257.75, 22285, 1840, 87
2026/09/16 10:12:50.763, 0, NVIDIA GeForce RTX 3090, 580.178.04, P2, 69, 257.75, 22285, 1840, 87
2026/09/16 10:12:51.013, 0, NVIDIA GeForce RTX 3090, 580.178.04, P2, 69, 259.46, 22285, 1840, 92
2026/09/16 10:12:51.263, 0, NVIDIA GeForce RTX 3090, 580.178.04, P2, 69, 259.46, 22285, 1840, 92
2026/09/16 10:12:51.514, 0, NVIDIA GeForce RTX 3090, 580.178.04, P2, 70, 262.89, 22285, 1840, 92
2026/09/16 10:12:51.764, 0, NVIDIA GeForce RTX 3090, 580.178.04, P2, 70, 262.89, 22285, 1840, 92
2026/09/16 10:12:52.014, 0, NVIDIA GeForce RTX 3090, 580.178.04, P2, 68, 261.53, 22285, 1840, 82
2026/09/16 10:12:52.264, 0, NVIDIA GeForce RTX 3090, 580.178.04, P2, 68, 261.53, 22285, 1840, 82
2026/09/16 10:12:52.515, 0, NVIDIA GeForce RTX 3090, 580.178.04, P2, 70, 259.83, 22285, 1840, 82
2026/09/16 10:12:52.765, 0, NVIDIA GeForce RTX 3090, 580.178.04, P2, 70, 259.83, 22285, 1840, 82
2026/09/16 10:12:53.016, 0, NVIDIA GeForce RTX 3090, 580.178.04, P2, 70, 267.72, 22285, 1840, 98
2026/09/16 10:12:53.266, 0, NVIDIA GeForce RTX 3090, 580.178.04, P2, 70, 267.72, 22285, 1840, 98
2026/09/16 10:12:53.516, 0, NVIDIA GeForce RTX 3090, 580.178.04, P2, 70, 279.39, 22285, 1840, 98
2026/09/16 10:12:53.767, 0, NVIDIA GeForce RTX 3090, 580.178.04, P2, 70, 279.39, 22285, 1840, 98
2026/09/16 10:12:54.017, 0, NVIDIA GeForce RTX 3090, 580.178.04, P2, 69, 270.98, 22285, 1840, 90
2026/09/16 10:12:54.267, 0, NVIDIA GeForce RTX 3090, 580.178.04, P2, 69, 270.98, 22285, 1840, 90
2026/09/16 10:12:54.518, 0, NVIDIA GeForce RTX 3090, 580.178.04, P2, 70, 258.90, 22285, 1840, 90
2026/09/16 10:12:54.768, 0, NVIDIA GeForce RTX 3090, 580.178.04, P2, 70, 258.90, 22285, 1840, 90
2026/09/16 10:12:55.018, 0, NVIDIA GeForce RTX 3090, 580.178.04, P2, 71, 258.56, 22285, 1840, 90
2026/09/16 10:12:55.268, 0, NVIDIA GeForce RTX 3090, 580.178.04, P2, 71, 258.56, 22285, 1840, 90
2026/09/16 10:12:55.518, 0, NVIDIA GeForce RTX 3090, 580.178.04, P2, 71, 271.27, 22285, 1840, 90
2026/09/16 10:12:55.769, 0, NVIDIA GeForce RTX 3090, 580.178.04, P2, 71, 271.27, 22285, 1840, 90
2026/09/16 10:12:56.019, 0, NVIDIA GeForce RTX 3090, 580.178.04, P2, 71, 274.34, 22285, 1840, 92
2026/09/16 10:12:56.269, 0, NVIDIA GeForce RTX 3090, 580.178.04, P2, 71, 274.34, 22285, 1840, 92
2026/09/16 10:12:56.520, 0, NVIDIA GeForce RTX 3090, 580.178.04, P2, 71, 274.66, 22285, 1840, 92
2026/09/16 10:12:56.770, 0, NVIDIA GeForce RTX 3090, 580.178.04, P2, 71, 274.66, 22285, 1840, 92
2026/09/16 10:12:57.020, 0, NVIDIA GeForce RTX 3090, 580.178.04, P2, 70, 273.98, 22285, 1840, 86
2026/09/16 10:12:57.270, 0, NVIDIA GeForce RTX 3090, 580.178.04, P2, 70, 273.98, 22285, 1840, 86
2026/09/16 10:12:57.521, 0, NVIDIA GeForce RTX 3090, 580.178.04, P2, 71, 269.55, 22285, 1840, 86
2026/09/16 10:12:57.771, 0, NVIDIA GeForce RTX 3090, 580.178.04, P2, 71, 269.55, 22285, 1840, 86
2026/09/16 10:12:58.021, 0, NVIDIA GeForce RTX 3090, 580.178.04, P2, 71, 270.05, 22285, 1840, 88
2026/09/16 10:12:58.271, 0, NVIDIA GeForce RTX 3090, 580.178.04, P2, 71, 270.05, 22285, 1840, 88
2026/09/16 10:12:58.521, 0, NVIDIA GeForce RTX 3090, 580.178.04, P2, 71, 272.25, 22285, 1840, 88
2026/09/16 10:12:58.772, 0, NVIDIA GeForce RTX 3090, 580.178.04, P2, 71, 272.25, 22285, 1840, 88
2026/09/16 10:12:59.022, 0, NVIDIA GeForce RTX 3090, 580.178.04, P2, 71, 268.55, 22285, 1840, 89
2026/09/16 10:12:59.272, 0, NVIDIA GeForce RTX 3090, 580.178.04, P2, 71, 268.55, 22285, 1840, 89
2026/09/16 10:12:59.523, 0, NVIDIA GeForce RTX 3090, 580.178.04, P2, 71, 267.70, 22285, 1840, 89
2026/09/16 10:12:59.773, 0, NVIDIA GeForce RTX 3090, 580.178.04, P2, 71, 267.70, 22285, 1840, 89
2026/09/16 10:13:00.023, 0, NVIDIA GeForce RTX 3090, 580.178.04, P2, 69, 264.31, 22285, 1840, 49
2026/09/16 10:13:00.273, 0, NVIDIA GeForce RTX 3090, 580.178.04, P2, 69, 264.31, 22285, 1840, 49
2026/09/16 10:13:00.524, 0, NVIDIA GeForce RTX 3090, 580.178.04, P2, 71, 264.37, 22285, 1840, 49
2026/09/16 10:13:00.774, 0, NVIDIA GeForce RTX 3090, 580.178.04, P2, 71, 264.37, 22285, 1840, 49
2026/09/16 10:13:01.025, 0, NVIDIA GeForce RTX 3090, 580.178.04, P2, 70, 271.12, 22285, 1840, 99
2026/09/16 10:13:01.275, 0, NVIDIA GeForce RTX 3090, 580.178.04, P2, 70, 271.12, 22285, 1840, 99
2026/09/16 10:13:01.525, 0, NVIDIA GeForce RTX 3090, 580.178.04, P2, 71, 279.50, 22285, 1840, 99
2026/09/16 10:13:01.776, 0, NVIDIA GeForce RTX 3090, 580.178.04, P2, 71, 279.50, 22285, 1840, 99
2026/09/16 10:13:02.026, 0, NVIDIA GeForce RTX 3090, 580.178.04, P2, 72, 272.23, 22285, 1840, 90
2026/09/16 10:13:02.276, 0, NVIDIA GeForce RTX 3090, 580.178.04, P2, 72, 272.23, 22285, 1840, 90
2026/09/16 10:13:02.527, 0, NVIDIA GeForce RTX 3090, 580.178.04, P2, 72, 271.81, 22285, 1840, 90
2026/09/16 10:13:02.777, 0, NVIDIA GeForce RTX 3090, 580.178.04, P2, 72, 271.81, 22285, 1840, 90
2026/09/16 10:13:03.027, 0, NVIDIA GeForce RTX 3090, 580.178.04, P2, 72, 276.94, 22285, 1840, 87
2026/09/16 10:13:03.278, 0, NVIDIA GeForce RTX 3090, 580.178.04, P2, 72, 276.94, 22285, 1840, 87
2026/09/16 10:13:03.528, 0, NVIDIA GeForce RTX 3090, 580.178.04, P2, 71, 273.10, 22285, 1840, 87
2026/09/16 10:13:03.779, 0, NVIDIA GeForce RTX 3090, 580.178.04, P2, 71, 273.10, 22285, 1840, 87
2026/09/16 10:13:04.029, 0, NVIDIA GeForce RTX 3090, 580.178.04, P2, 72, 268.59, 22285, 1840, 89
2026/09/16 10:13:04.279, 0, NVIDIA GeForce RTX 3090, 580.178.04, P2, 72, 268.59, 22285, 1840, 89
2026/09/16 10:13:04.530, 0, NVIDIA GeForce RTX 3090, 580.178.04, P2, 71, 263.52, 22285, 1840, 89
2026/09/16 10:13:04.780, 0, NVIDIA GeForce RTX 3090, 580.178.04, P2, 71, 263.52, 22285, 1840, 89
2026/09/16 10:13:05.030, 0, NVIDIA GeForce RTX 3090, 580.178.04, P2, 71, 258.82, 22285, 1840, 89
2026/09/16 10:13:05.280, 0, NVIDIA GeForce RTX 3090, 580.178.04, P2, 71, 258.82, 22285, 1840, 89
2026/09/16 10:13:05.531, 0, NVIDIA GeForce RTX 3090, 580.178.04, P2, 72, 258.69, 22285, 1840, 89
2026/09/16 10:13:05.781, 0, NVIDIA GeForce RTX 3090, 580.178.04, P2, 72, 258.69, 22285, 1840, 89
2026/09/16 10:13:06.031, 0, NVIDIA GeForce RTX 3090, 580.178.04, P2, 72, 264.39, 22285, 1840, 88
2026/09/16 10:13:06.282, 0, NVIDIA GeForce RTX 3090, 580.178.04, P2, 72, 264.39, 22285, 1840, 88
2026/09/16 10:13:06.532, 0, NVIDIA GeForce RTX 3090, 580.178.04, P2, 72, 265.34, 22285, 1840, 88
2026/09/16 10:13:06.782, 0, NVIDIA GeForce RTX 3090, 580.178.04, P2, 72, 265.34, 22285, 1840, 88
2026/09/16 10:13:07.033, 0, NVIDIA GeForce RTX 3090, 580.178.04, P2, 72, 263.96, 22285, 1840, 89
2026/09/16 10:13:07.283, 0, NVIDIA GeForce RTX 3090, 580.178.04, P2, 72, 263.96, 22285, 1840, 89
2026/09/16 10:13:07.533, 0, NVIDIA GeForce RTX 3090, 580.178.04, P2, 72, 264.00, 22285, 1840, 89
2026/09/16 10:13:07.783, 0, NVIDIA GeForce RTX 3090, 580.178.04, P2, 72, 264.00, 22285, 1840, 89
2026/09/16 10:13:08.034, 0, NVIDIA GeForce RTX 3090, 580.178.04, P2, 72, 260.42, 22285, 1840, 88
2026/09/16 10:13:08.284, 0, NVIDIA GeForce RTX 3090, 580.178.04, P2, 72, 260.42, 22285, 1840, 88
2026/09/16 10:13:08.535, 0, NVIDIA GeForce RTX 3090, 580.178.04, P2, 72, 264.39, 22285, 1840, 88
2026/09/16 10:13:08.785, 0, NVIDIA GeForce RTX 3090, 580.178.04, P2, 72, 264.39, 22285, 1840, 88
2026/09/16 10:13:09.035, 0, NVIDIA GeForce RTX 3090, 580.178.04, P2, 72, 268.72, 22285, 1840, 99
2026/09/16 10:13:09.286, 0, NVIDIA GeForce RTX 3090, 580.178.04, P2, 72, 268.72, 22285, 1840, 99
2026/09/16 10:13:09.536, 0, NVIDIA GeForce RTX 3090, 580.178.04, P2, 72, 279.21, 22285, 1840, 99
2026/09/16 10:13:09.787, 0, NVIDIA GeForce RTX 3090, 580.178.04, P2, 72, 279.21, 22285, 1840, 99
2026/09/16 10:13:10.037, 0, NVIDIA GeForce RTX 3090, 580.178.04, P2, 72, 269.77, 22285, 1840, 90
2026/09/16 10:13:10.287, 0, NVIDIA GeForce RTX 3090, 580.178.04, P2, 72, 269.77, 22285, 1840, 90
2026/09/16 10:13:10.537, 0, NVIDIA GeForce RTX 3090, 580.178.04, P2, 72, 265.68, 22285, 1840, 90
2026/09/16 10:13:10.788, 0, NVIDIA GeForce RTX 3090, 580.178.04, P2, 72, 265.68, 22285, 1840, 90
2026/09/16 10:13:11.038, 0, NVIDIA GeForce RTX 3090, 580.178.04, P2, 73, 269.85, 22285, 1840, 87
2026/09/16 10:13:11.288, 0, NVIDIA GeForce RTX 3090, 580.178.04, P2, 73, 269.85, 22285, 1840, 87
2026/09/16 10:13:11.538, 0, NVIDIA GeForce RTX 3090, 580.178.04, P2, 73, 274.47, 22285, 1840, 87
2026/09/16 10:13:11.789, 0, NVIDIA GeForce RTX 3090, 580.178.04, P2, 73, 274.47, 22285, 1840, 87
2026/09/16 10:13:12.039, 0, NVIDIA GeForce RTX 3090, 580.178.04, P2, 73, 274.68, 22285, 1840, 85
2026/09/16 10:13:12.289, 0, NVIDIA GeForce RTX 3090, 580.178.04, P2, 73, 274.68, 22285, 1840, 85
2026/09/16 10:13:12.540, 0, NVIDIA GeForce RTX 3090, 580.178.04, P2, 73, 273.49, 22285, 1840, 85
2026/09/16 10:13:12.790, 0, NVIDIA GeForce RTX 3090, 580.178.04, P2, 73, 273.49, 22285, 1840, 85
2026/09/16 10:13:13.040, 0, NVIDIA GeForce RTX 3090, 580.178.04, P2, 73, 271.42, 22285, 1840, 90
2026/09/16 10:13:13.291, 0, NVIDIA GeForce RTX 3090, 580.178.04, P2, 73, 271.42, 22285, 1840, 90
2026/09/16 10:13:13.541, 0, NVIDIA GeForce RTX 3090, 580.178.04, P2, 73, 271.62, 22285, 1840, 90
2026/09/16 10:13:13.791, 0, NVIDIA GeForce RTX 3090, 580.178.04, P2, 73, 271.62, 22285, 1840, 90
2026/09/16 10:13:14.042, 0, NVIDIA GeForce RTX 3090, 580.178.04, P2, 73, 270.02, 22285, 1840, 91
2026/09/16 10:13:14.292, 0, NVIDIA GeForce RTX 3090, 580.178.04, P2, 73, 270.02, 22285, 1840, 91
2026/09/16 10:13:14.543, 0, NVIDIA GeForce RTX 3090, 580.178.04, P2, 73, 270.75, 22285, 1840, 91
2026/09/16 10:13:14.793, 0, NVIDIA GeForce RTX 3090, 580.178.04, P2, 73, 270.75, 22285, 1840, 91
2026/09/16 10:13:15.043, 0, NVIDIA GeForce RTX 3090, 580.178.04, P2, 72, 265.38, 22285, 1840, 91
2026/09/16 10:13:15.294, 0, NVIDIA GeForce RTX 3090, 580.178.04, P2, 72, 265.38, 22285, 1840, 91
2026/09/16 10:13:15.544, 0, NVIDIA GeForce RTX 3090, 580.178.04, P2, 73, 263.06, 22285, 1840, 91
2026/09/16 10:13:15.794, 0, NVIDIA GeForce RTX 3090, 580.178.04, P2, 73, 263.06, 22285, 1840, 91
2026/09/16 10:13:16.045, 0, NVIDIA GeForce RTX 3090, 580.178.04, P2, 71, 258.03, 22285, 1840, 51
2026/09/16 10:13:16.295, 0, NVIDIA GeForce RTX 3090, 580.178.04, P2, 71, 258.03, 22285, 1840, 51
2026/09/16 10:13:16.545, 0, NVIDIA GeForce RTX 3090, 580.178.04, P2, 73, 267.43, 22285, 1840, 51
2026/09/16 10:13:16.796, 0, NVIDIA GeForce RTX 3090, 580.178.04, P2, 73, 267.43, 22285, 1840, 51
2026/09/16 10:13:17.046, 0, NVIDIA GeForce RTX 3090, 580.178.04, P2, 72, 276.32, 22285, 1840, 99
2026/09/16 10:13:17.297, 0, NVIDIA GeForce RTX 3090, 580.178.04, P2, 72, 276.32, 22285, 1840, 99
2026/09/16 10:13:17.547, 0, NVIDIA GeForce RTX 3090, 580.178.04, P2, 73, 279.89, 22285, 1840, 99
2026/09/16 10:13:17.797, 0, NVIDIA GeForce RTX 3090, 580.178.04, P2, 73, 279.89, 22285, 1840, 99
2026/09/16 10:13:18.047, 0, NVIDIA GeForce RTX 3090, 580.178.04, P2, 73, 270.21, 22285, 1840, 89
2026/09/16 10:13:18.298, 0, NVIDIA GeForce RTX 3090, 580.178.04, P2, 73, 270.21, 22285, 1840, 89
2026/09/16 10:13:18.548, 0, NVIDIA GeForce RTX 3090, 580.178.04, P2, 73, 263.94, 22285, 1840, 89
2026/09/16 10:13:18.798, 0, NVIDIA GeForce RTX 3090, 580.178.04, P2, 73, 263.94, 22285, 1840, 89
2026/09/16 10:13:19.049, 0, NVIDIA GeForce RTX 3090, 580.178.04, P2, 74, 270.31, 22285, 1840, 89
2026/09/16 10:13:19.299, 0, NVIDIA GeForce RTX 3090, 580.178.04, P2, 74, 270.31, 22285, 1840, 89
2026/09/16 10:13:19.549, 0, NVIDIA GeForce RTX 3090, 580.178.04, P2, 74, 274.68, 22285, 1840, 89
2026/09/16 10:13:19.799, 0, NVIDIA GeForce RTX 3090, 580.178.04, P2, 74, 274.68, 22285, 1840, 89
2026/09/16 10:13:20.050, 0, NVIDIA GeForce RTX 3090, 580.178.04, P2, 73, 271.62, 22285, 1840, 87
2026/09/16 10:13:20.300, 0, NVIDIA GeForce RTX 3090, 580.178.04, P2, 73, 271.62, 22285, 1840, 87
2026/09/16 10:13:20.550, 0, NVIDIA GeForce RTX 3090, 580.178.04, P2, 73, 265.66, 22285, 1840, 87
2026/09/16 10:13:20.801, 0, NVIDIA GeForce RTX 3090, 580.178.04, P2, 73, 265.66, 22285, 1840, 87
2026/09/16 10:13:21.051, 0, NVIDIA GeForce RTX 3090, 580.178.04, P2, 73, 261.88, 22285, 1840, 89
2026/09/16 10:13:21.301, 0, NVIDIA GeForce RTX 3090, 580.178.04, P2, 73, 261.88, 22285, 1840, 89
2026/09/16 10:13:21.552, 0, NVIDIA GeForce RTX 3090, 580.178.04, P2, 73, 259.10, 22285, 1840, 89
2026/09/16 10:13:21.802, 0, NVIDIA GeForce RTX 3090, 580.178.04, P2, 73, 259.10, 22285, 1840, 89
2026/09/16 10:13:22.052, 0, NVIDIA GeForce RTX 3090, 580.178.04, P2, 73, 261.95, 22285, 1840, 88
2026/09/16 10:13:22.302, 0, NVIDIA GeForce RTX 3090, 580.178.04, P2, 73, 261.95, 22285, 1840, 88
2026/09/16 10:13:22.552, 0, NVIDIA GeForce RTX 3090, 580.178.04, P2, 74, 270.95, 22285, 1840, 88
2026/09/16 10:13:22.803, 0, NVIDIA GeForce RTX 3090, 580.178.04, P2, 74, 270.95, 22285, 1840, 88
2026/09/16 10:13:23.053, 0, NVIDIA GeForce RTX 3090, 580.178.04, P2, 74, 274.46, 22285, 1840, 89
2026/09/16 10:13:23.303, 0, NVIDIA GeForce RTX 3090, 580.178.04, P2, 74, 274.46, 22285, 1840, 89
2026/09/16 10:13:23.553, 0, NVIDIA GeForce RTX 3090, 580.178.04, P2, 74, 272.31, 22285, 1840, 89
2026/09/16 10:13:23.804, 0, NVIDIA GeForce RTX 3090, 580.178.04, P2, 74, 272.31, 22285, 1840, 89
2026/09/16 10:13:24.054, 0, NVIDIA GeForce RTX 3090, 580.178.04, P2, 74, 268.89, 22285, 1840, 34
2026/09/16 10:13:24.304, 0, NVIDIA GeForce RTX 3090, 580.178.04, P2, 74, 268.89, 22285, 1840, 34
2026/09/16 10:13:24.555, 0, NVIDIA GeForce RTX 3090, 580.178.04, P2, 74, 266.16, 22285, 1840, 34
2026/09/16 10:13:24.805, 0, NVIDIA GeForce RTX 3090, 580.178.04, P2, 74, 266.16, 22285, 1840, 34
2026/09/16 10:13:25.056, 0, NVIDIA GeForce RTX 3090, 580.178.04, P2, 74, 268.24, 22285, 1840, 99
2026/09/16 10:13:25.306, 0, NVIDIA GeForce RTX 3090, 580.178.04, P2, 74, 268.24, 22285, 1840, 99
2026/09/16 10:13:25.556, 0, NVIDIA GeForce RTX 3090, 580.178.04, P2, 74, 279.09, 22285, 1840, 99
2026/09/16 10:13:25.807, 0, NVIDIA GeForce RTX 3090, 580.178.04, P2, 74, 279.09, 22285, 1840, 99
2026/09/16 10:13:26.057, 0, NVIDIA GeForce RTX 3090, 580.178.04, P2, 73, 267.05, 22285, 1840, 89
2026/09/16 10:13:26.307, 0, NVIDIA GeForce RTX 3090, 580.178.04, P2, 73, 267.05, 22285, 1840, 89
2026/09/16 10:13:26.558, 0, NVIDIA GeForce RTX 3090, 580.178.04, P2, 73, 259.46, 22285, 1840, 89
2026/09/16 10:13:26.808, 0, NVIDIA GeForce RTX 3090, 580.178.04, P2, 73, 259.46, 22285, 1840, 89
2026/09/16 10:13:27.059, 0, NVIDIA GeForce RTX 3090, 580.178.04, P2, 74, 264.13, 22285, 1840, 88
2026/09/16 10:13:27.309, 0, NVIDIA GeForce RTX 3090, 580.178.04, P2, 74, 264.13, 22285, 1840, 88
2026/09/16 10:13:27.559, 0, NVIDIA GeForce RTX 3090, 580.178.04, P2, 74, 272.17, 22285, 1840, 88
2026/09/16 10:13:27.809, 0, NVIDIA GeForce RTX 3090, 580.178.04, P2, 74, 272.17, 22285, 1840, 88
2026/09/16 10:13:28.060, 0, NVIDIA GeForce RTX 3090, 580.178.04, P2, 74, 274.58, 22285, 1840, 89
2026/09/16 10:13:28.310, 0, NVIDIA GeForce RTX 3090, 580.178.04, P2, 74, 274.58, 22285, 1840, 89
2026/09/16 10:13:28.560, 0, NVIDIA GeForce RTX 3090, 580.178.04, P2, 74, 274.80, 22285, 1840, 89
2026/09/16 10:13:28.811, 0, NVIDIA GeForce RTX 3090, 580.178.04, P2, 74, 274.80, 22285, 1840, 89
2026/09/16 10:13:29.061, 0, NVIDIA GeForce RTX 3090, 580.178.04, P2, 74, 272.23, 22285, 1840, 89
2026/09/16 10:13:29.311, 0, NVIDIA GeForce RTX 3090, 580.178.04, P2, 74, 272.23, 22285, 1840, 89
2026/09/16 10:13:29.561, 0, NVIDIA GeForce RTX 3090, 580.178.04, P2, 74, 270.00, 22285, 1840, 89
2026/09/16 10:13:29.812, 0, NVIDIA GeForce RTX 3090, 580.178.04, P2, 74, 270.00, 22285, 1840, 89
2026/09/16 10:13:30.062, 0, NVIDIA GeForce RTX 3090, 580.178.04, P2, 74, 268.70, 22285, 1840, 87
2026/09/16 10:13:30.313, 0, NVIDIA GeForce RTX 3090, 580.178.04, P2, 74, 268.70, 22285, 1840, 87
2026/09/16 10:13:30.563, 0, NVIDIA GeForce RTX 3090, 580.178.04, P2, 75, 271.47, 22285, 1840, 87
2026/09/16 10:13:30.813, 0, NVIDIA GeForce RTX 3090, 580.178.04, P2, 75, 271.47, 22285, 1840, 87
2026/09/16 10:13:31.066, 0, NVIDIA GeForce RTX 3090, 580.178.04, P2, 74, 273.39, 22285, 1840, 87
2026/09/16 10:13:31.317, 0, NVIDIA GeForce RTX 3090, 580.178.04, P2, 74, 273.39, 22285, 1840, 87
2026/09/16 10:13:31.567, 0, NVIDIA GeForce RTX 3090, 580.178.04, P2, 75, 276.15, 22285, 1840, 87
2026/09/16 10:13:31.817, 0, NVIDIA GeForce RTX 3090, 580.178.04, P2, 75, 276.15, 22287, 1838, 87
2026/09/16 10:13:32.067, 0, NVIDIA GeForce RTX 3090, 580.178.04, P2, 72, 258.04, 22291, 1834, 8
2026/09/16 10:13:32.318, 0, NVIDIA GeForce RTX 3090, 580.178.04, P2, 72, 258.04, 22291, 1834, 8
2026/09/16 10:13:32.568, 0, NVIDIA GeForce RTX 3090, 580.178.04, P2, 72, 214.63, 22291, 1834, 8
2026/09/16 10:13:32.818, 0, NVIDIA GeForce RTX 3090, 580.178.04, P2, 72, 214.63, 22291, 1834, 8
2026/09/16 10:13:33.068, 0, NVIDIA GeForce RTX 3090, 580.178.04, P2, 73, 200.15, 22291, 1834, 45
2026/09/16 10:13:33.318, 0, NVIDIA GeForce RTX 3090, 580.178.04, P2, 73, 200.15, 22291, 1834, 45
2026/09/16 10:13:33.569, 0, NVIDIA GeForce RTX 3090, 580.178.04, P2, 72, 204.82, 22291, 1834, 45
2026/09/16 10:13:33.819, 0, NVIDIA GeForce RTX 3090, 580.178.04, P2, 72, 204.82, 22291, 1834, 45
2026/09/16 10:13:34.069, 0, NVIDIA GeForce RTX 3090, 580.178.04, P2, 73, 209.19, 22291, 1834, 84
2026/09/16 10:13:34.320, 0, NVIDIA GeForce RTX 3090, 580.178.04, P2, 73, 209.19, 22291, 1834, 84
2026/09/16 10:13:34.570, 0, NVIDIA GeForce RTX 3090, 580.178.04, P2, 72, 207.40, 22291, 1834, 84
2026/09/16 10:13:34.820, 0, NVIDIA GeForce RTX 3090, 580.178.04, P2, 72, 207.40, 22291, 1834, 84
2026/09/16 10:13:35.070, 0, NVIDIA GeForce RTX 3090, 580.178.04, P2, 73, 213.66, 22291, 1834, 33
2026/09/16 10:13:35.321, 0, NVIDIA GeForce RTX 3090, 580.178.04, P2, 73, 213.66, 22291, 1834, 33
2026/09/16 10:13:35.571, 0, NVIDIA GeForce RTX 3090, 580.178.04, P2, 72, 220.12, 22291, 1834, 33
2026/09/16 10:13:35.821, 0, NVIDIA GeForce RTX 3090, 580.178.04, P2, 72, 220.12, 22291, 1834, 33
2026/09/16 10:13:36.072, 0, NVIDIA GeForce RTX 3090, 580.178.04, P2, 72, 220.40, 22291, 1834, 75
2026/09/16 10:13:36.322, 0, NVIDIA GeForce RTX 3090, 580.178.04, P2, 72, 220.40, 22291, 1834, 75
2026/09/16 10:13:36.572, 0, NVIDIA GeForce RTX 3090, 580.178.04, P2, 73, 231.79, 22291, 1834, 75
2026/09/16 10:13:36.823, 0, NVIDIA GeForce RTX 3090, 580.178.04, P2, 73, 231.79, 22291, 1834, 75
