2026/09/15 20:35:07.231, 0, NVIDIA GeForce RTX 3090, 580.178.04, P2, 59, 114.27, 19504, 4621, 0
2026/09/15 20:35:07.486, 0, NVIDIA GeForce RTX 3090, 580.178.04, P2, 60, 114.27, 19584, 4541, 0
2026/09/15 20:35:07.736, 0, NVIDIA GeForce RTX 3090, 580.178.04, P2, 60, 114.27, 19584, 4541, 0
2026/09/15 20:35:07.986, 0, NVIDIA GeForce RTX 3090, 580.178.04, P2, 59, 112.08, 19584, 4541, 0
2026/09/15 20:35:08.237, 0, NVIDIA GeForce RTX 3090, 580.178.04, P2, 59, 112.08, 19584, 4541, 0
2026/09/15 20:35:08.488, 0, NVIDIA GeForce RTX 3090, 580.178.04, P2, 59, 113.78, 20682, 3443, 19
2026/09/15 20:35:08.738, 0, NVIDIA GeForce RTX 3090, 580.178.04, P2, 59, 113.78, 20682, 3443, 19
2026/09/15 20:35:08.989, 0, NVIDIA GeForce RTX 3090, 580.178.04, P2, 60, 115.27, 20682, 3443, 19
2026/09/15 20:35:09.239, 0, NVIDIA GeForce RTX 3090, 580.178.04, P2, 60, 115.27, 20844, 3281, 19
2026/09/15 20:35:09.490, 0, NVIDIA GeForce RTX 3090, 580.178.04, P2, 62, 146.56, 20844, 3281, 95
2026/09/15 20:35:09.740, 0, NVIDIA GeForce RTX 3090, 580.178.04, P2, 62, 146.56, 20844, 3281, 95
2026/09/15 20:35:09.990, 0, NVIDIA GeForce RTX 3090, 580.178.04, P2, 65, 214.47, 20844, 3281, 95
2026/09/15 20:35:10.241, 0, NVIDIA GeForce RTX 3090, 580.178.04, P2, 65, 214.47, 20844, 3281, 95
2026/09/15 20:35:10.491, 0, NVIDIA GeForce RTX 3090, 580.178.04, P2, 66, 248.41, 20844, 3281, 96
2026/09/15 20:35:10.741, 0, NVIDIA GeForce RTX 3090, 580.178.04, P2, 66, 248.41, 20844, 3281, 96
2026/09/15 20:35:10.991, 0, NVIDIA GeForce RTX 3090, 580.178.04, P2, 63, 225.92, 20884, 3241, 96
2026/09/15 20:35:11.242, 0, NVIDIA GeForce RTX 3090, 580.178.04, P2, 63, 225.92, 20884, 3241, 96
2026/09/15 20:35:11.492, 0, NVIDIA GeForce RTX 3090, 580.178.04, P2, 65, 220.09, 20884, 3241, 96
2026/09/15 20:35:11.743, 0, NVIDIA GeForce RTX 3090, 580.178.04, P2, 65, 220.09, 20884, 3241, 96
2026/09/15 20:35:11.993, 0, NVIDIA GeForce RTX 3090, 580.178.04, P2, 66, 237.59, 20884, 3241, 96
2026/09/15 20:35:12.243, 0, NVIDIA GeForce RTX 3090, 580.178.04, P2, 66, 237.59, 20884, 3241, 96
2026/09/15 20:35:12.493, 0, NVIDIA GeForce RTX 3090, 580.178.04, P2, 66, 254.83, 20884, 3241, 97
2026/09/15 20:35:12.744, 0, NVIDIA GeForce RTX 3090, 580.178.04, P2, 66, 254.83, 20886, 3239, 97
2026/09/15 20:35:12.994, 0, NVIDIA GeForce RTX 3090, 580.178.04, P2, 65, 224.36, 20886, 3239, 97
2026/09/15 20:35:13.244, 0, NVIDIA GeForce RTX 3090, 580.178.04, P2, 65, 224.36, 20886, 3239, 97
2026/09/15 20:35:13.495, 0, NVIDIA GeForce RTX 3090, 580.178.04, P2, 65, 213.89, 20886, 3239, 94
2026/09/15 20:35:13.745, 0, NVIDIA GeForce RTX 3090, 580.178.04, P2, 65, 213.89, 20886, 3239, 94
2026/09/15 20:35:13.995, 0, NVIDIA GeForce RTX 3090, 580.178.04, P2, 67, 248.01, 20886, 3239, 94
2026/09/15 20:35:14.245, 0, NVIDIA GeForce RTX 3090, 580.178.04, P2, 67, 248.01, 20886, 3239, 94
2026/09/15 20:35:14.495, 0, NVIDIA GeForce RTX 3090, 580.178.04, P2, 68, 267.44, 20886, 3239, 90
2026/09/15 20:35:14.746, 0, NVIDIA GeForce RTX 3090, 580.178.04, P2, 68, 267.44, 20886, 3239, 90
2026/09/15 20:35:14.996, 0, NVIDIA GeForce RTX 3090, 580.178.04, P2, 68, 273.08, 20886, 3239, 90
2026/09/15 20:35:15.246, 0, NVIDIA GeForce RTX 3090, 580.178.04, P2, 68, 273.08, 20886, 3239, 90
2026/09/15 20:35:15.497, 0, NVIDIA GeForce RTX 3090, 580.178.04, P2, 68, 266.88, 20886, 3239, 87
2026/09/15 20:35:15.747, 0, NVIDIA GeForce RTX 3090, 580.178.04, P2, 68, 266.88, 20886, 3239, 87
2026/09/15 20:35:15.997, 0, NVIDIA GeForce RTX 3090, 580.178.04, P2, 68, 266.95, 20886, 3239, 87
2026/09/15 20:35:16.247, 0, NVIDIA GeForce RTX 3090, 580.178.04, P2, 68, 266.95, 20886, 3239, 87
2026/09/15 20:35:16.498, 0, NVIDIA GeForce RTX 3090, 580.178.04, P2, 68, 270.05, 20886, 3239, 91
2026/09/15 20:35:16.748, 0, NVIDIA GeForce RTX 3090, 580.178.04, P2, 68, 270.05, 20886, 3239, 91
2026/09/15 20:35:16.998, 0, NVIDIA GeForce RTX 3090, 580.178.04, P2, 68, 264.91, 20886, 3239, 91
2026/09/15 20:35:17.249, 0, NVIDIA GeForce RTX 3090, 580.178.04, P2, 68, 264.91, 20886, 3239, 91
2026/09/15 20:35:17.499, 0, NVIDIA GeForce RTX 3090, 580.178.04, P2, 68, 254.93, 20886, 3239, 93
2026/09/15 20:35:17.749, 0, NVIDIA GeForce RTX 3090, 580.178.04, P2, 68, 254.93, 20886, 3239, 93
2026/09/15 20:35:17.999, 0, NVIDIA GeForce RTX 3090, 580.178.04, P2, 67, 252.10, 20886, 3239, 93
2026/09/15 20:35:18.250, 0, NVIDIA GeForce RTX 3090, 580.178.04, P2, 67, 252.10, 20886, 3239, 93
2026/09/15 20:35:18.500, 0, NVIDIA GeForce RTX 3090, 580.178.04, P2, 68, 247.77, 20886, 3239, 94
2026/09/15 20:35:18.750, 0, NVIDIA GeForce RTX 3090, 580.178.04, P2, 68, 247.77, 20886, 3239, 94
2026/09/15 20:35:19.001, 0, NVIDIA GeForce RTX 3090, 580.178.04, P2, 68, 253.86, 20886, 3239, 94
2026/09/15 20:35:19.251, 0, NVIDIA GeForce RTX 3090, 580.178.04, P2, 68, 253.86, 20886, 3239, 94
2026/09/15 20:35:19.501, 0, NVIDIA GeForce RTX 3090, 580.178.04, P2, 68, 253.28, 20886, 3239, 90
2026/09/15 20:35:19.751, 0, NVIDIA GeForce RTX 3090, 580.178.04, P2, 68, 253.28, 20886, 3239, 90
2026/09/15 20:35:20.002, 0, NVIDIA GeForce RTX 3090, 580.178.04, P2, 68, 246.46, 20886, 3239, 90
2026/09/15 20:35:20.252, 0, NVIDIA GeForce RTX 3090, 580.178.04, P2, 68, 246.46, 20886, 3239, 90
2026/09/15 20:35:20.502, 0, NVIDIA GeForce RTX 3090, 580.178.04, P2, 68, 238.86, 20886, 3239, 95
2026/09/15 20:35:20.753, 0, NVIDIA GeForce RTX 3090, 580.178.04, P2, 68, 238.86, 20886, 3239, 95
2026/09/15 20:35:21.003, 0, NVIDIA GeForce RTX 3090, 580.178.04, P2, 68, 244.96, 20886, 3239, 95
2026/09/15 20:35:21.253, 0, NVIDIA GeForce RTX 3090, 580.178.04, P2, 68, 244.96, 20886, 3239, 95
2026/09/15 20:35:21.504, 0, NVIDIA GeForce RTX 3090, 580.178.04, P2, 68, 254.54, 20886, 3239, 96
2026/09/15 20:35:21.754, 0, NVIDIA GeForce RTX 3090, 580.178.04, P2, 68, 254.54, 20886, 3239, 96
2026/09/15 20:35:22.004, 0, NVIDIA GeForce RTX 3090, 580.178.04, P2, 68, 253.57, 20886, 3239, 96
2026/09/15 20:35:22.254, 0, NVIDIA GeForce RTX 3090, 580.178.04, P2, 68, 253.57, 20886, 3239, 96
2026/09/15 20:35:22.505, 0, NVIDIA GeForce RTX 3090, 580.178.04, P2, 68, 255.80, 20886, 3239, 95
2026/09/15 20:35:22.755, 0, NVIDIA GeForce RTX 3090, 580.178.04, P2, 68, 255.80, 20886, 3239, 95
2026/09/15 20:35:23.005, 0, NVIDIA GeForce RTX 3090, 580.178.04, P2, 69, 258.68, 20886, 3239, 95
2026/09/15 20:35:23.256, 0, NVIDIA GeForce RTX 3090, 580.178.04, P2, 69, 258.68, 20886, 3239, 95
2026/09/15 20:35:23.506, 0, NVIDIA GeForce RTX 3090, 580.178.04, P2, 68, 250.08, 20886, 3239, 93
2026/09/15 20:35:23.757, 0, NVIDIA GeForce RTX 3090, 580.178.04, P2, 68, 250.08, 20886, 3239, 93
2026/09/15 20:35:24.007, 0, NVIDIA GeForce RTX 3090, 580.178.04, P2, 67, 237.17, 20886, 3239, 93
2026/09/15 20:35:24.258, 0, NVIDIA GeForce RTX 3090, 580.178.04, P2, 67, 237.17, 20886, 3239, 93
2026/09/15 20:35:24.508, 0, NVIDIA GeForce RTX 3090, 580.178.04, P2, 69, 254.13, 20886, 3239, 82
2026/09/15 20:35:24.759, 0, NVIDIA GeForce RTX 3090, 580.178.04, P2, 69, 254.13, 20886, 3239, 82
2026/09/15 20:35:25.009, 0, NVIDIA GeForce RTX 3090, 580.178.04, P2, 69, 268.73, 20886, 3239, 82
2026/09/15 20:35:25.259, 0, NVIDIA GeForce RTX 3090, 580.178.04, P2, 69, 268.73, 20886, 3239, 82
2026/09/15 20:35:25.509, 0, NVIDIA GeForce RTX 3090, 580.178.04, P2, 69, 260.38, 20886, 3239, 89
2026/09/15 20:35:25.760, 0, NVIDIA GeForce RTX 3090, 580.178.04, P2, 69, 260.38, 20886, 3239, 89
2026/09/15 20:35:26.010, 0, NVIDIA GeForce RTX 3090, 580.178.04, P2, 70, 265.16, 20886, 3239, 89
2026/09/15 20:35:26.260, 0, NVIDIA GeForce RTX 3090, 580.178.04, P2, 70, 265.16, 20886, 3239, 89
2026/09/15 20:35:26.511, 0, NVIDIA GeForce RTX 3090, 580.178.04, P2, 69, 270.46, 20886, 3239, 90
2026/09/15 20:35:26.761, 0, NVIDIA GeForce RTX 3090, 580.178.04, P2, 69, 270.46, 20886, 3239, 90
2026/09/15 20:35:27.011, 0, NVIDIA GeForce RTX 3090, 580.178.04, P2, 70, 270.40, 20886, 3239, 90
2026/09/15 20:35:27.262, 0, NVIDIA GeForce RTX 3090, 580.178.04, P2, 70, 270.40, 20886, 3239, 90
2026/09/15 20:35:27.512, 0, NVIDIA GeForce RTX 3090, 580.178.04, P2, 70, 267.67, 20886, 3239, 91
2026/09/15 20:35:27.762, 0, NVIDIA GeForce RTX 3090, 580.178.04, P2, 70, 267.67, 20886, 3239, 91
2026/09/15 20:35:28.012, 0, NVIDIA GeForce RTX 3090, 580.178.04, P2, 70, 264.55, 20886, 3239, 91
2026/09/15 20:35:28.263, 0, NVIDIA GeForce RTX 3090, 580.178.04, P2, 70, 264.55, 20886, 3239, 91
2026/09/15 20:35:28.513, 0, NVIDIA GeForce RTX 3090, 580.178.04, P2, 70, 269.83, 20886, 3239, 91
2026/09/15 20:35:28.763, 0, NVIDIA GeForce RTX 3090, 580.178.04, P2, 70, 269.83, 20886, 3239, 91
2026/09/15 20:35:29.014, 0, NVIDIA GeForce RTX 3090, 580.178.04, P2, 70, 268.94, 20886, 3239, 91
2026/09/15 20:35:29.264, 0, NVIDIA GeForce RTX 3090, 580.178.04, P2, 70, 268.94, 20886, 3239, 91
2026/09/15 20:35:29.514, 0, NVIDIA GeForce RTX 3090, 580.178.04, P2, 70, 262.77, 20886, 3239, 89
2026/09/15 20:35:29.765, 0, NVIDIA GeForce RTX 3090, 580.178.04, P2, 70, 262.77, 20886, 3239, 89
2026/09/15 20:35:30.015, 0, NVIDIA GeForce RTX 3090, 580.178.04, P2, 70, 265.64, 20886, 3239, 89
2026/09/15 20:35:30.265, 0, NVIDIA GeForce RTX 3090, 580.178.04, P2, 70, 265.64, 20886, 3239, 89
2026/09/15 20:35:30.516, 0, NVIDIA GeForce RTX 3090, 580.178.04, P2, 69, 259.55, 20886, 3239, 92
2026/09/15 20:35:30.766, 0, NVIDIA GeForce RTX 3090, 580.178.04, P2, 69, 259.55, 20886, 3239, 92
2026/09/15 20:35:31.016, 0, NVIDIA GeForce RTX 3090, 580.178.04, P2, 70, 253.29, 20886, 3239, 92
2026/09/15 20:35:31.267, 0, NVIDIA GeForce RTX 3090, 580.178.04, P2, 70, 253.29, 20886, 3239, 92
2026/09/15 20:35:31.517, 0, NVIDIA GeForce RTX 3090, 580.178.04, P2, 70, 256.54, 20886, 3239, 97
2026/09/15 20:35:31.767, 0, NVIDIA GeForce RTX 3090, 580.178.04, P2, 70, 256.54, 20886, 3239, 97
2026/09/15 20:35:32.018, 0, NVIDIA GeForce RTX 3090, 580.178.04, P2, 70, 253.63, 20886, 3239, 97
2026/09/15 20:35:32.268, 0, NVIDIA GeForce RTX 3090, 580.178.04, P2, 70, 253.63, 20886, 3239, 97
2026/09/15 20:35:32.518, 0, NVIDIA GeForce RTX 3090, 580.178.04, P2, 70, 257.13, 20886, 3239, 96
2026/09/15 20:35:32.769, 0, NVIDIA GeForce RTX 3090, 580.178.04, P2, 70, 257.13, 20886, 3239, 96
2026/09/15 20:35:33.019, 0, NVIDIA GeForce RTX 3090, 580.178.04, P2, 70, 258.95, 20886, 3239, 96
2026/09/15 20:35:33.269, 0, NVIDIA GeForce RTX 3090, 580.178.04, P2, 70, 258.95, 20886, 3239, 96
2026/09/15 20:35:33.520, 0, NVIDIA GeForce RTX 3090, 580.178.04, P2, 69, 246.78, 20886, 3239, 94
2026/09/15 20:35:33.770, 0, NVIDIA GeForce RTX 3090, 580.178.04, P2, 69, 246.78, 20886, 3239, 94
2026/09/15 20:35:34.020, 0, NVIDIA GeForce RTX 3090, 580.178.04, P2, 70, 247.40, 20886, 3239, 94
2026/09/15 20:35:34.271, 0, NVIDIA GeForce RTX 3090, 580.178.04, P2, 70, 247.40, 20886, 3239, 94
2026/09/15 20:35:34.521, 0, NVIDIA GeForce RTX 3090, 580.178.04, P2, 71, 263.36, 20886, 3239, 87
2026/09/15 20:35:34.772, 0, NVIDIA GeForce RTX 3090, 580.178.04, P2, 71, 263.36, 20886, 3239, 87
2026/09/15 20:35:35.022, 0, NVIDIA GeForce RTX 3090, 580.178.04, P2, 71, 276.01, 20886, 3239, 87
2026/09/15 20:35:35.273, 0, NVIDIA GeForce RTX 3090, 580.178.04, P2, 71, 276.01, 20886, 3239, 87
2026/09/15 20:35:35.523, 0, NVIDIA GeForce RTX 3090, 580.178.04, P2, 71, 271.05, 20886, 3239, 91
2026/09/15 20:35:35.774, 0, NVIDIA GeForce RTX 3090, 580.178.04, P2, 71, 271.05, 20886, 3239, 91
2026/09/15 20:35:36.024, 0, NVIDIA GeForce RTX 3090, 580.178.04, P2, 71, 267.07, 20886, 3239, 91
2026/09/15 20:35:36.274, 0, NVIDIA GeForce RTX 3090, 580.178.04, P2, 71, 267.07, 20886, 3239, 91
2026/09/15 20:35:36.524, 0, NVIDIA GeForce RTX 3090, 580.178.04, P2, 71, 264.28, 20886, 3239, 87
2026/09/15 20:35:36.775, 0, NVIDIA GeForce RTX 3090, 580.178.04, P2, 71, 264.28, 20886, 3239, 87
2026/09/15 20:35:37.025, 0, NVIDIA GeForce RTX 3090, 580.178.04, P2, 71, 263.83, 20886, 3239, 87
2026/09/15 20:35:37.275, 0, NVIDIA GeForce RTX 3090, 580.178.04, P2, 71, 263.83, 20886, 3239, 87
2026/09/15 20:35:37.526, 0, NVIDIA GeForce RTX 3090, 580.178.04, P2, 71, 271.60, 20886, 3239, 88
2026/09/15 20:35:37.776, 0, NVIDIA GeForce RTX 3090, 580.178.04, P2, 71, 271.60, 20886, 3239, 88
2026/09/15 20:35:38.026, 0, NVIDIA GeForce RTX 3090, 580.178.04, P2, 71, 276.23, 20886, 3239, 88
2026/09/15 20:35:38.276, 0, NVIDIA GeForce RTX 3090, 580.178.04, P2, 71, 276.23, 20886, 3239, 88
2026/09/15 20:35:38.527, 0, NVIDIA GeForce RTX 3090, 580.178.04, P2, 71, 272.42, 20886, 3239, 88
2026/09/15 20:35:38.777, 0, NVIDIA GeForce RTX 3090, 580.178.04, P2, 71, 272.42, 20886, 3239, 88
2026/09/15 20:35:39.027, 0, NVIDIA GeForce RTX 3090, 580.178.04, P2, 71, 271.55, 20886, 3239, 88
2026/09/15 20:35:39.277, 0, NVIDIA GeForce RTX 3090, 580.178.04, P2, 71, 271.55, 20886, 3239, 88
2026/09/15 20:35:39.528, 0, NVIDIA GeForce RTX 3090, 580.178.04, P2, 71, 267.02, 20886, 3239, 89
2026/09/15 20:35:39.778, 0, NVIDIA GeForce RTX 3090, 580.178.04, P2, 71, 267.02, 20886, 3239, 89
2026/09/15 20:35:40.028, 0, NVIDIA GeForce RTX 3090, 580.178.04, P2, 70, 255.29, 20886, 3239, 89
2026/09/15 20:35:40.278, 0, NVIDIA GeForce RTX 3090, 580.178.04, P2, 70, 255.29, 20886, 3239, 89
2026/09/15 20:35:40.529, 0, NVIDIA GeForce RTX 3090, 580.178.04, P2, 70, 253.32, 20886, 3239, 96
2026/09/15 20:35:40.779, 0, NVIDIA GeForce RTX 3090, 580.178.04, P2, 70, 253.32, 20886, 3239, 96
2026/09/15 20:35:41.029, 0, NVIDIA GeForce RTX 3090, 580.178.04, P2, 70, 251.59, 20886, 3239, 96
2026/09/15 20:35:41.280, 0, NVIDIA GeForce RTX 3090, 580.178.04, P2, 70, 251.59, 20886, 3239, 96
2026/09/15 20:35:41.530, 0, NVIDIA GeForce RTX 3090, 580.178.04, P2, 70, 252.44, 20886, 3239, 92
2026/09/15 20:35:41.780, 0, NVIDIA GeForce RTX 3090, 580.178.04, P2, 70, 252.44, 20886, 3239, 92
2026/09/15 20:35:42.031, 0, NVIDIA GeForce RTX 3090, 580.178.04, P2, 70, 251.77, 20886, 3239, 92
2026/09/15 20:35:42.281, 0, NVIDIA GeForce RTX 3090, 580.178.04, P2, 70, 251.77, 20886, 3239, 92
2026/09/15 20:35:42.531, 0, NVIDIA GeForce RTX 3090, 580.178.04, P2, 70, 253.62, 20886, 3239, 95
2026/09/15 20:35:42.782, 0, NVIDIA GeForce RTX 3090, 580.178.04, P2, 70, 253.62, 20886, 3239, 95
2026/09/15 20:35:43.032, 0, NVIDIA GeForce RTX 3090, 580.178.04, P2, 71, 254.32, 20886, 3239, 95
2026/09/15 20:35:43.282, 0, NVIDIA GeForce RTX 3090, 580.178.04, P2, 71, 254.32, 20886, 3239, 95
2026/09/15 20:35:43.532, 0, NVIDIA GeForce RTX 3090, 580.178.04, P2, 70, 249.43, 20886, 3239, 92
2026/09/15 20:35:43.783, 0, NVIDIA GeForce RTX 3090, 580.178.04, P2, 70, 249.43, 20886, 3239, 92
2026/09/15 20:35:44.033, 0, NVIDIA GeForce RTX 3090, 580.178.04, P2, 71, 246.91, 20886, 3239, 92
2026/09/15 20:35:44.283, 0, NVIDIA GeForce RTX 3090, 580.178.04, P2, 71, 246.91, 20886, 3239, 92
2026/09/15 20:35:44.534, 0, NVIDIA GeForce RTX 3090, 580.178.04, P2, 72, 262.52, 20886, 3239, 87
2026/09/15 20:35:44.784, 0, NVIDIA GeForce RTX 3090, 580.178.04, P2, 72, 262.52, 20886, 3239, 87
2026/09/15 20:35:45.034, 0, NVIDIA GeForce RTX 3090, 580.178.04, P2, 72, 274.85, 20886, 3239, 87
2026/09/15 20:35:45.284, 0, NVIDIA GeForce RTX 3090, 580.178.04, P2, 72, 274.85, 20886, 3239, 87
2026/09/15 20:35:45.535, 0, NVIDIA GeForce RTX 3090, 580.178.04, P2, 72, 268.89, 20886, 3239, 90
2026/09/15 20:35:45.785, 0, NVIDIA GeForce RTX 3090, 580.178.04, P2, 72, 268.89, 20886, 3239, 90
2026/09/15 20:35:46.035, 0, NVIDIA GeForce RTX 3090, 580.178.04, P2, 72, 268.79, 20886, 3239, 90
2026/09/15 20:35:46.286, 0, NVIDIA GeForce RTX 3090, 580.178.04, P2, 72, 268.79, 20886, 3239, 90
2026/09/15 20:35:46.536, 0, NVIDIA GeForce RTX 3090, 580.178.04, P2, 72, 268.71, 20886, 3239, 87
2026/09/15 20:35:46.786, 0, NVIDIA GeForce RTX 3090, 580.178.04, P2, 72, 268.71, 20886, 3239, 87
2026/09/15 20:35:47.036, 0, NVIDIA GeForce RTX 3090, 580.178.04, P2, 72, 270.60, 20886, 3239, 87
2026/09/15 20:35:47.287, 0, NVIDIA GeForce RTX 3090, 580.178.04, P2, 72, 270.60, 20886, 3239, 87
2026/09/15 20:35:47.537, 0, NVIDIA GeForce RTX 3090, 580.178.04, P2, 72, 272.16, 20886, 3239, 90
2026/09/15 20:35:47.787, 0, NVIDIA GeForce RTX 3090, 580.178.04, P2, 72, 272.16, 20886, 3239, 90
2026/09/15 20:35:48.038, 0, NVIDIA GeForce RTX 3090, 580.178.04, P2, 72, 262.48, 20886, 3239, 90
2026/09/15 20:35:48.288, 0, NVIDIA GeForce RTX 3090, 580.178.04, P2, 72, 262.48, 20886, 3239, 90
2026/09/15 20:35:48.538, 0, NVIDIA GeForce RTX 3090, 580.178.04, P2, 72, 259.82, 20886, 3239, 93
2026/09/15 20:35:48.788, 0, NVIDIA GeForce RTX 3090, 580.178.04, P2, 72, 259.82, 20886, 3239, 93
2026/09/15 20:35:49.039, 0, NVIDIA GeForce RTX 3090, 580.178.04, P2, 72, 264.51, 20886, 3239, 93
2026/09/15 20:35:49.289, 0, NVIDIA GeForce RTX 3090, 580.178.04, P2, 72, 264.51, 20886, 3239, 93
2026/09/15 20:35:49.540, 0, NVIDIA GeForce RTX 3090, 580.178.04, P2, 72, 260.56, 20886, 3239, 91
2026/09/15 20:35:49.790, 0, NVIDIA GeForce RTX 3090, 580.178.04, P2, 72, 260.56, 20886, 3239, 91
2026/09/15 20:35:50.040, 0, NVIDIA GeForce RTX 3090, 580.178.04, P2, 72, 258.12, 20886, 3239, 91
2026/09/15 20:35:50.290, 0, NVIDIA GeForce RTX 3090, 580.178.04, P2, 72, 258.12, 20886, 3239, 91
2026/09/15 20:35:50.541, 0, NVIDIA GeForce RTX 3090, 580.178.04, P2, 72, 258.12, 20886, 3239, 95
2026/09/15 20:35:50.791, 0, NVIDIA GeForce RTX 3090, 580.178.04, P2, 72, 258.12, 20886, 3239, 95
2026/09/15 20:35:51.042, 0, NVIDIA GeForce RTX 3090, 580.178.04, P2, 71, 249.81, 20886, 3239, 95
2026/09/15 20:35:51.292, 0, NVIDIA GeForce RTX 3090, 580.178.04, P2, 71, 249.81, 20886, 3239, 95
2026/09/15 20:35:51.542, 0, NVIDIA GeForce RTX 3090, 580.178.04, P2, 71, 259.06, 20886, 3239, 96
2026/09/15 20:35:51.793, 0, NVIDIA GeForce RTX 3090, 580.178.04, P2, 71, 259.06, 20886, 3239, 96
2026/09/15 20:35:52.043, 0, NVIDIA GeForce RTX 3090, 580.178.04, P2, 71, 257.22, 20886, 3239, 96
2026/09/15 20:35:52.294, 0, NVIDIA GeForce RTX 3090, 580.178.04, P2, 71, 257.22, 20886, 3239, 96
2026/09/15 20:35:52.544, 0, NVIDIA GeForce RTX 3090, 580.178.04, P2, 71, 257.94, 20886, 3239, 96
2026/09/15 20:35:52.794, 0, NVIDIA GeForce RTX 3090, 580.178.04, P2, 71, 257.94, 20886, 3239, 96
2026/09/15 20:35:53.045, 0, NVIDIA GeForce RTX 3090, 580.178.04, P2, 72, 255.82, 20886, 3239, 96
2026/09/15 20:35:53.295, 0, NVIDIA GeForce RTX 3090, 580.178.04, P2, 72, 255.82, 20886, 3239, 96
2026/09/15 20:35:53.546, 0, NVIDIA GeForce RTX 3090, 580.178.04, P2, 71, 250.47, 20886, 3239, 94
2026/09/15 20:35:53.796, 0, NVIDIA GeForce RTX 3090, 580.178.04, P2, 71, 250.47, 20886, 3239, 94
2026/09/15 20:35:54.046, 0, NVIDIA GeForce RTX 3090, 580.178.04, P2, 71, 239.31, 20886, 3239, 94
2026/09/15 20:35:54.297, 0, NVIDIA GeForce RTX 3090, 580.178.04, P2, 71, 239.31, 20886, 3239, 94
2026/09/15 20:35:54.547, 0, NVIDIA GeForce RTX 3090, 580.178.04, P2, 72, 255.69, 20886, 3239, 84
2026/09/15 20:35:54.797, 0, NVIDIA GeForce RTX 3090, 580.178.04, P2, 72, 255.69, 20886, 3239, 84
2026/09/15 20:35:55.047, 0, NVIDIA GeForce RTX 3090, 580.178.04, P2, 72, 269.32, 20886, 3239, 84
2026/09/15 20:35:55.298, 0, NVIDIA GeForce RTX 3090, 580.178.04, P2, 72, 269.32, 20886, 3239, 84
2026/09/15 20:35:55.548, 0, NVIDIA GeForce RTX 3090, 580.178.04, P2, 73, 271.87, 20886, 3239, 90
2026/09/15 20:35:55.798, 0, NVIDIA GeForce RTX 3090, 580.178.04, P2, 73, 271.87, 20886, 3239, 90
2026/09/15 20:35:56.049, 0, NVIDIA GeForce RTX 3090, 580.178.04, P2, 73, 275.23, 20886, 3239, 90
2026/09/15 20:35:56.299, 0, NVIDIA GeForce RTX 3090, 580.178.04, P2, 73, 275.23, 20886, 3239, 90
2026/09/15 20:35:56.549, 0, NVIDIA GeForce RTX 3090, 580.178.04, P2, 73, 276.77, 20886, 3239, 87
2026/09/15 20:35:56.800, 0, NVIDIA GeForce RTX 3090, 580.178.04, P2, 73, 276.77, 20886, 3239, 87
2026/09/15 20:35:57.050, 0, NVIDIA GeForce RTX 3090, 580.178.04, P2, 73, 269.76, 20886, 3239, 87
2026/09/15 20:35:57.300, 0, NVIDIA GeForce RTX 3090, 580.178.04, P2, 73, 269.76, 20886, 3239, 87
2026/09/15 20:35:57.551, 0, NVIDIA GeForce RTX 3090, 580.178.04, P2, 73, 270.07, 20886, 3239, 90
2026/09/15 20:35:57.801, 0, NVIDIA GeForce RTX 3090, 580.178.04, P2, 73, 270.07, 20886, 3239, 90
2026/09/15 20:35:58.051, 0, NVIDIA GeForce RTX 3090, 580.178.04, P2, 73, 271.25, 20886, 3239, 90
2026/09/15 20:35:58.302, 0, NVIDIA GeForce RTX 3090, 580.178.04, P2, 73, 271.25, 20886, 3239, 90
2026/09/15 20:35:58.552, 0, NVIDIA GeForce RTX 3090, 580.178.04, P2, 73, 269.28, 20886, 3239, 92
2026/09/15 20:35:58.802, 0, NVIDIA GeForce RTX 3090, 580.178.04, P2, 73, 269.28, 20886, 3239, 92
2026/09/15 20:35:59.052, 0, NVIDIA GeForce RTX 3090, 580.178.04, P2, 73, 269.51, 20886, 3239, 92
2026/09/15 20:35:59.303, 0, NVIDIA GeForce RTX 3090, 580.178.04, P2, 73, 269.51, 20886, 3239, 92
2026/09/15 20:35:59.553, 0, NVIDIA GeForce RTX 3090, 580.178.04, P2, 73, 272.84, 20886, 3239, 90
2026/09/15 20:35:59.803, 0, NVIDIA GeForce RTX 3090, 580.178.04, P2, 73, 272.84, 20886, 3239, 90
2026/09/15 20:36:00.053, 0, NVIDIA GeForce RTX 3090, 580.178.04, P2, 73, 266.00, 20886, 3239, 90
2026/09/15 20:36:00.304, 0, NVIDIA GeForce RTX 3090, 580.178.04, P2, 73, 266.00, 20886, 3239, 90
2026/09/15 20:36:00.554, 0, NVIDIA GeForce RTX 3090, 580.178.04, P2, 73, 262.85, 20886, 3239, 95
2026/09/15 20:36:00.804, 0, NVIDIA GeForce RTX 3090, 580.178.04, P2, 73, 262.85, 20886, 3239, 95
2026/09/15 20:36:01.055, 0, NVIDIA GeForce RTX 3090, 580.178.04, P2, 73, 256.02, 20886, 3239, 95
2026/09/15 20:36:01.305, 0, NVIDIA GeForce RTX 3090, 580.178.04, P2, 73, 256.02, 20886, 3239, 95
2026/09/15 20:36:01.556, 0, NVIDIA GeForce RTX 3090, 580.178.04, P2, 72, 255.29, 20886, 3239, 72
2026/09/15 20:36:01.806, 0, NVIDIA GeForce RTX 3090, 580.178.04, P2, 72, 255.29, 20886, 3239, 72
2026/09/15 20:36:02.056, 0, NVIDIA GeForce RTX 3090, 580.178.04, P2, 72, 255.30, 20886, 3239, 72
2026/09/15 20:36:02.307, 0, NVIDIA GeForce RTX 3090, 580.178.04, P2, 72, 255.30, 20886, 3239, 72
2026/09/15 20:36:02.557, 0, NVIDIA GeForce RTX 3090, 580.178.04, P2, 72, 256.06, 20886, 3239, 96
2026/09/15 20:36:02.807, 0, NVIDIA GeForce RTX 3090, 580.178.04, P2, 72, 256.06, 20886, 3239, 96
2026/09/15 20:36:03.058, 0, NVIDIA GeForce RTX 3090, 580.178.04, P2, 72, 252.00, 20886, 3239, 96
2026/09/15 20:36:03.308, 0, NVIDIA GeForce RTX 3090, 580.178.04, P2, 72, 252.00, 20886, 3239, 96
2026/09/15 20:36:03.559, 0, NVIDIA GeForce RTX 3090, 580.178.04, P2, 72, 246.47, 20886, 3239, 94
2026/09/15 20:36:03.809, 0, NVIDIA GeForce RTX 3090, 580.178.04, P2, 72, 246.47, 20886, 3239, 94
2026/09/15 20:36:04.059, 0, NVIDIA GeForce RTX 3090, 580.178.04, P2, 73, 249.82, 20886, 3239, 94
2026/09/15 20:36:04.310, 0, NVIDIA GeForce RTX 3090, 580.178.04, P2, 73, 249.82, 20886, 3239, 94
2026/09/15 20:36:04.560, 0, NVIDIA GeForce RTX 3090, 580.178.04, P2, 74, 266.19, 20886, 3239, 90
2026/09/15 20:36:04.810, 0, NVIDIA GeForce RTX 3090, 580.178.04, P2, 74, 266.19, 20886, 3239, 90
2026/09/15 20:36:05.060, 0, NVIDIA GeForce RTX 3090, 580.178.04, P2, 74, 275.02, 20886, 3239, 90
2026/09/15 20:36:05.311, 0, NVIDIA GeForce RTX 3090, 580.178.04, P2, 74, 275.02, 20886, 3239, 90
2026/09/15 20:36:05.561, 0, NVIDIA GeForce RTX 3090, 580.178.04, P2, 74, 274.28, 20886, 3239, 92
2026/09/15 20:36:05.811, 0, NVIDIA GeForce RTX 3090, 580.178.04, P2, 74, 274.28, 20886, 3239, 92
2026/09/15 20:36:06.062, 0, NVIDIA GeForce RTX 3090, 580.178.04, P2, 74, 276.71, 20886, 3239, 92
2026/09/15 20:36:06.312, 0, NVIDIA GeForce RTX 3090, 580.178.04, P2, 74, 276.71, 20886, 3239, 92
2026/09/15 20:36:06.562, 0, NVIDIA GeForce RTX 3090, 580.178.04, P2, 73, 272.46, 20886, 3239, 92
2026/09/15 20:36:06.813, 0, NVIDIA GeForce RTX 3090, 580.178.04, P2, 73, 272.46, 20886, 3239, 92
2026/09/15 20:36:07.063, 0, NVIDIA GeForce RTX 3090, 580.178.04, P2, 74, 271.73, 20886, 3239, 92
2026/09/15 20:36:07.313, 0, NVIDIA GeForce RTX 3090, 580.178.04, P2, 74, 271.73, 20886, 3239, 92
2026/09/15 20:36:07.563, 0, NVIDIA GeForce RTX 3090, 580.178.04, P2, 74, 276.70, 20886, 3239, 90
2026/09/15 20:36:07.814, 0, NVIDIA GeForce RTX 3090, 580.178.04, P2, 74, 276.70, 20886, 3239, 90
2026/09/15 20:36:08.064, 0, NVIDIA GeForce RTX 3090, 580.178.04, P2, 74, 276.83, 20886, 3239, 90
2026/09/15 20:36:08.314, 0, NVIDIA GeForce RTX 3090, 580.178.04, P2, 74, 276.83, 20886, 3239, 90
2026/09/15 20:36:08.565, 0, NVIDIA GeForce RTX 3090, 580.178.04, P2, 74, 271.34, 20886, 3239, 91
2026/09/15 20:36:08.815, 0, NVIDIA GeForce RTX 3090, 580.178.04, P2, 74, 271.34, 20886, 3239, 91
2026/09/15 20:36:09.065, 0, NVIDIA GeForce RTX 3090, 580.178.04, P2, 74, 270.21, 20886, 3239, 91
2026/09/15 20:36:09.316, 0, NVIDIA GeForce RTX 3090, 580.178.04, P2, 74, 270.21, 20886, 3239, 91
2026/09/15 20:36:09.566, 0, NVIDIA GeForce RTX 3090, 580.178.04, P2, 74, 271.11, 20886, 3239, 91
2026/09/15 20:36:09.816, 0, NVIDIA GeForce RTX 3090, 580.178.04, P2, 74, 271.11, 20886, 3239, 91
2026/09/15 20:36:10.067, 0, NVIDIA GeForce RTX 3090, 580.178.04, P2, 70, 236.78, 20886, 3239, 91
2026/09/15 20:36:10.317, 0, NVIDIA GeForce RTX 3090, 580.178.04, P2, 70, 236.78, 20886, 3239, 91
2026/09/15 20:36:10.567, 0, NVIDIA GeForce RTX 3090, 580.178.04, P2, 70, 180.66, 20886, 3239, 0
2026/09/15 20:36:10.818, 0, NVIDIA GeForce RTX 3090, 580.178.04, P2, 70, 180.66, 20886, 3239, 0
2026/09/15 20:36:11.068, 0, NVIDIA GeForce RTX 3090, 580.178.04, P2, 73, 203.44, 20886, 3239, 0
2026/09/15 20:36:11.318, 0, NVIDIA GeForce RTX 3090, 580.178.04, P2, 73, 203.44, 20886, 3239, 0
2026/09/15 20:36:11.569, 0, NVIDIA GeForce RTX 3090, 580.178.04, P2, 73, 255.83, 20886, 3239, 95
2026/09/15 20:36:11.819, 0, NVIDIA GeForce RTX 3090, 580.178.04, P2, 73, 255.83, 20886, 3239, 95
2026/09/15 20:36:12.069, 0, NVIDIA GeForce RTX 3090, 580.178.04, P2, 71, 252.52, 20886, 3239, 95
2026/09/15 20:36:12.319, 0, NVIDIA GeForce RTX 3090, 580.178.04, P2, 71, 252.52, 20886, 3239, 95
2026/09/15 20:36:12.570, 0, NVIDIA GeForce RTX 3090, 580.178.04, P2, 69, 202.11, 20886, 3239, 0
2026/09/15 20:36:12.820, 0, NVIDIA GeForce RTX 3090, 580.178.04, P2, 69, 202.11, 20886, 3239, 0
2026/09/15 20:36:13.070, 0, NVIDIA GeForce RTX 3090, 580.178.04, P2, 73, 199.37, 20886, 3239, 0
2026/09/15 20:36:13.320, 0, NVIDIA GeForce RTX 3090, 580.178.04, P2, 73, 199.37, 20886, 3239, 0
2026/09/15 20:36:13.571, 0, NVIDIA GeForce RTX 3090, 580.178.04, P2, 73, 255.84, 20886, 3239, 95
2026/09/15 20:36:13.821, 0, NVIDIA GeForce RTX 3090, 580.178.04, P2, 73, 255.84, 20886, 3239, 95
2026/09/15 20:36:14.071, 0, NVIDIA GeForce RTX 3090, 580.178.04, P2, 73, 259.98, 20886, 3239, 95
2026/09/15 20:36:14.322, 0, NVIDIA GeForce RTX 3090, 580.178.04, P2, 73, 259.98, 20886, 3239, 95
2026/09/15 20:36:14.572, 0, NVIDIA GeForce RTX 3090, 580.178.04, P2, 72, 243.75, 20886, 3239, 91
2026/09/15 20:36:14.822, 0, NVIDIA GeForce RTX 3090, 580.178.04, P2, 72, 243.75, 20886, 3239, 91
2026/09/15 20:36:15.072, 0, NVIDIA GeForce RTX 3090, 580.178.04, P2, 72, 235.31, 20886, 3239, 91
2026/09/15 20:36:15.323, 0, NVIDIA GeForce RTX 3090, 580.178.04, P2, 72, 235.31, 20886, 3239, 91
2026/09/15 20:36:15.573, 0, NVIDIA GeForce RTX 3090, 580.178.04, P2, 73, 236.97, 20886, 3239, 93
2026/09/15 20:36:15.823, 0, NVIDIA GeForce RTX 3090, 580.178.04, P2, 73, 236.97, 20886, 3239, 93
2026/09/15 20:36:16.074, 0, NVIDIA GeForce RTX 3090, 580.178.04, P2, 74, 254.03, 20886, 3239, 93
2026/09/15 20:36:16.324, 0, NVIDIA GeForce RTX 3090, 580.178.04, P2, 74, 254.03, 20886, 3239, 93
2026/09/15 20:36:16.574, 0, NVIDIA GeForce RTX 3090, 580.178.04, P2, 74, 268.08, 20886, 3239, 90
2026/09/15 20:36:16.825, 0, NVIDIA GeForce RTX 3090, 580.178.04, P2, 74, 268.08, 20886, 3239, 90
2026/09/15 20:36:17.075, 0, NVIDIA GeForce RTX 3090, 580.178.04, P2, 74, 270.99, 20886, 3239, 90
2026/09/15 20:36:17.325, 0, NVIDIA GeForce RTX 3090, 580.178.04, P2, 74, 270.99, 20886, 3239, 90
2026/09/15 20:36:17.575, 0, NVIDIA GeForce RTX 3090, 580.178.04, P2, 74, 276.45, 20886, 3239, 89
2026/09/15 20:36:17.826, 0, NVIDIA GeForce RTX 3090, 580.178.04, P2, 74, 276.45, 20886, 3239, 89
2026/09/15 20:36:18.076, 0, NVIDIA GeForce RTX 3090, 580.178.04, P2, 73, 263.86, 20886, 3239, 89
2026/09/15 20:36:18.326, 0, NVIDIA GeForce RTX 3090, 580.178.04, P2, 73, 263.86, 20886, 3239, 89
2026/09/15 20:36:18.576, 0, NVIDIA GeForce RTX 3090, 580.178.04, P2, 74, 255.51, 20886, 3239, 88
2026/09/15 20:36:18.827, 0, NVIDIA GeForce RTX 3090, 580.178.04, P2, 74, 255.51, 20886, 3239, 88
2026/09/15 20:36:19.077, 0, NVIDIA GeForce RTX 3090, 580.178.04, P2, 74, 259.48, 20886, 3239, 88
2026/09/15 20:36:19.327, 0, NVIDIA GeForce RTX 3090, 580.178.04, P2, 74, 259.48, 20886, 3239, 88
2026/09/15 20:36:19.578, 0, NVIDIA GeForce RTX 3090, 580.178.04, P2, 74, 262.98, 20886, 3239, 89
2026/09/15 20:36:19.828, 0, NVIDIA GeForce RTX 3090, 580.178.04, P2, 74, 262.98, 20886, 3239, 89
2026/09/15 20:36:20.078, 0, NVIDIA GeForce RTX 3090, 580.178.04, P2, 74, 267.35, 20886, 3239, 89
2026/09/15 20:36:20.329, 0, NVIDIA GeForce RTX 3090, 580.178.04, P2, 74, 267.35, 20886, 3239, 89
2026/09/15 20:36:20.579, 0, NVIDIA GeForce RTX 3090, 580.178.04, P2, 74, 270.27, 20886, 3239, 91
2026/09/15 20:36:20.829, 0, NVIDIA GeForce RTX 3090, 580.178.04, P2, 74, 270.27, 20886, 3239, 91
2026/09/15 20:36:21.079, 0, NVIDIA GeForce RTX 3090, 580.178.04, P2, 73, 261.57, 20886, 3239, 91
2026/09/15 20:36:21.330, 0, NVIDIA GeForce RTX 3090, 580.178.04, P2, 73, 261.57, 20886, 3239, 91
2026/09/15 20:36:21.580, 0, NVIDIA GeForce RTX 3090, 580.178.04, P2, 74, 257.48, 20886, 3239, 96
2026/09/15 20:36:21.831, 0, NVIDIA GeForce RTX 3090, 580.178.04, P2, 74, 257.48, 20886, 3239, 96
2026/09/15 20:36:22.081, 0, NVIDIA GeForce RTX 3090, 580.178.04, P2, 73, 252.51, 20886, 3239, 96
2026/09/15 20:36:22.331, 0, NVIDIA GeForce RTX 3090, 580.178.04, P2, 73, 252.51, 20886, 3239, 96
2026/09/15 20:36:22.582, 0, NVIDIA GeForce RTX 3090, 580.178.04, P2, 73, 258.16, 20886, 3239, 89
2026/09/15 20:36:22.832, 0, NVIDIA GeForce RTX 3090, 580.178.04, P2, 73, 258.16, 20886, 3239, 89
2026/09/15 20:36:23.082, 0, NVIDIA GeForce RTX 3090, 580.178.04, P2, 74, 262.42, 20886, 3239, 89
2026/09/15 20:36:23.332, 0, NVIDIA GeForce RTX 3090, 580.178.04, P2, 74, 262.42, 20886, 3239, 89
2026/09/15 20:36:23.583, 0, NVIDIA GeForce RTX 3090, 580.178.04, P2, 74, 262.51, 20886, 3239, 96
2026/09/15 20:36:23.833, 0, NVIDIA GeForce RTX 3090, 580.178.04, P2, 74, 262.51, 20886, 3239, 96
2026/09/15 20:36:24.083, 0, NVIDIA GeForce RTX 3090, 580.178.04, P2, 73, 258.07, 20886, 3239, 96
2026/09/15 20:36:24.333, 0, NVIDIA GeForce RTX 3090, 580.178.04, P2, 73, 258.07, 20886, 3239, 96
2026/09/15 20:36:24.584, 0, NVIDIA GeForce RTX 3090, 580.178.04, P2, 73, 246.45, 20886, 3239, 93
2026/09/15 20:36:24.834, 0, NVIDIA GeForce RTX 3090, 580.178.04, P2, 73, 246.45, 20886, 3239, 93
2026/09/15 20:36:25.085, 0, NVIDIA GeForce RTX 3090, 580.178.04, P2, 73, 236.46, 20886, 3239, 93
2026/09/15 20:36:25.335, 0, NVIDIA GeForce RTX 3090, 580.178.04, P2, 73, 236.46, 20886, 3239, 93
2026/09/15 20:36:25.586, 0, NVIDIA GeForce RTX 3090, 580.178.04, P2, 73, 241.62, 20886, 3239, 92
2026/09/15 20:36:25.836, 0, NVIDIA GeForce RTX 3090, 580.178.04, P2, 73, 241.62, 20886, 3239, 92
2026/09/15 20:36:26.086, 0, NVIDIA GeForce RTX 3090, 580.178.04, P2, 75, 260.92, 20886, 3239, 92
2026/09/15 20:36:26.337, 0, NVIDIA GeForce RTX 3090, 580.178.04, P2, 75, 260.92, 20886, 3239, 92
2026/09/15 20:36:26.587, 0, NVIDIA GeForce RTX 3090, 580.178.04, P2, 75, 266.02, 20886, 3239, 86
2026/09/15 20:36:26.837, 0, NVIDIA GeForce RTX 3090, 580.178.04, P2, 75, 266.02, 20886, 3239, 86
2026/09/15 20:36:27.087, 0, NVIDIA GeForce RTX 3090, 580.178.04, P2, 75, 270.48, 20886, 3239, 86
2026/09/15 20:36:27.338, 0, NVIDIA GeForce RTX 3090, 580.178.04, P2, 75, 270.48, 20886, 3239, 86
2026/09/15 20:36:27.588, 0, NVIDIA GeForce RTX 3090, 580.178.04, P2, 74, 271.71, 20886, 3239, 93
2026/09/15 20:36:27.838, 0, NVIDIA GeForce RTX 3090, 580.178.04, P2, 74, 257.75, 20886, 3239, 93
2026/09/15 20:36:28.089, 0, NVIDIA GeForce RTX 3090, 580.178.04, P2, 74, 257.75, 20886, 3239, 93
2026/09/15 20:36:28.339, 0, NVIDIA GeForce RTX 3090, 580.178.04, P2, 74, 255.71, 20886, 3239, 92
2026/09/15 20:36:28.589, 0, NVIDIA GeForce RTX 3090, 580.178.04, P2, 74, 255.71, 20886, 3239, 92
2026/09/15 20:36:28.840, 0, NVIDIA GeForce RTX 3090, 580.178.04, P2, 74, 260.47, 20886, 3239, 92
2026/09/15 20:36:29.090, 0, NVIDIA GeForce RTX 3090, 580.178.04, P2, 74, 260.47, 20886, 3239, 92
2026/09/15 20:36:29.341, 0, NVIDIA GeForce RTX 3090, 580.178.04, P2, 74, 260.09, 20886, 3239, 91
2026/09/15 20:36:29.591, 0, NVIDIA GeForce RTX 3090, 580.178.04, P2, 74, 260.09, 20886, 3239, 91
2026/09/15 20:36:29.841, 0, NVIDIA GeForce RTX 3090, 580.178.04, P2, 75, 262.21, 20886, 3239, 91
2026/09/15 20:36:30.092, 0, NVIDIA GeForce RTX 3090, 580.178.04, P2, 75, 262.21, 20886, 3239, 91
2026/09/15 20:36:30.342, 0, NVIDIA GeForce RTX 3090, 580.178.04, P2, 74, 256.11, 20886, 3239, 91
2026/09/15 20:36:30.592, 0, NVIDIA GeForce RTX 3090, 580.178.04, P2, 74, 256.11, 20886, 3239, 91
2026/09/15 20:36:30.843, 0, NVIDIA GeForce RTX 3090, 580.178.04, P2, 74, 249.46, 20886, 3239, 91
2026/09/15 20:36:31.093, 0, NVIDIA GeForce RTX 3090, 580.178.04, P2, 74, 249.46, 20886, 3239, 91
2026/09/15 20:36:31.343, 0, NVIDIA GeForce RTX 3090, 580.178.04, P2, 74, 243.47, 20886, 3239, 96
2026/09/15 20:36:31.594, 0, NVIDIA GeForce RTX 3090, 580.178.04, P2, 74, 243.47, 20886, 3239, 96
2026/09/15 20:36:31.844, 0, NVIDIA GeForce RTX 3090, 580.178.04, P2, 74, 248.72, 20886, 3239, 96
2026/09/15 20:36:32.094, 0, NVIDIA GeForce RTX 3090, 580.178.04, P2, 74, 248.72, 20886, 3239, 96
2026/09/15 20:36:32.345, 0, NVIDIA GeForce RTX 3090, 580.178.04, P2, 74, 258.41, 20886, 3239, 96
2026/09/15 20:36:32.595, 0, NVIDIA GeForce RTX 3090, 580.178.04, P2, 74, 258.41, 20886, 3239, 96
2026/09/15 20:36:32.845, 0, NVIDIA GeForce RTX 3090, 580.178.04, P2, 74, 259.65, 20886, 3239, 96
2026/09/15 20:36:33.096, 0, NVIDIA GeForce RTX 3090, 580.178.04, P2, 74, 259.65, 20886, 3239, 96
2026/09/15 20:36:33.346, 0, NVIDIA GeForce RTX 3090, 580.178.04, P2, 74, 261.33, 20886, 3239, 95
2026/09/15 20:36:33.596, 0, NVIDIA GeForce RTX 3090, 580.178.04, P2, 74, 261.33, 20886, 3239, 95
2026/09/15 20:36:33.847, 0, NVIDIA GeForce RTX 3090, 580.178.04, P2, 75, 260.26, 20886, 3239, 95
2026/09/15 20:36:34.097, 0, NVIDIA GeForce RTX 3090, 580.178.04, P2, 75, 260.26, 20886, 3239, 95
2026/09/15 20:36:34.347, 0, NVIDIA GeForce RTX 3090, 580.178.04, P2, 74, 250.53, 20886, 3239, 92
2026/09/15 20:36:34.597, 0, NVIDIA GeForce RTX 3090, 580.178.04, P2, 74, 250.53, 20886, 3239, 92
2026/09/15 20:36:34.848, 0, NVIDIA GeForce RTX 3090, 580.178.04, P2, 74, 239.57, 20886, 3239, 92
2026/09/15 20:36:35.098, 0, NVIDIA GeForce RTX 3090, 580.178.04, P2, 74, 239.57, 20886, 3239, 92
2026/09/15 20:36:35.349, 0, NVIDIA GeForce RTX 3090, 580.178.04, P2, 74, 237.76, 20886, 3239, 88
2026/09/15 20:36:35.599, 0, NVIDIA GeForce RTX 3090, 580.178.04, P2, 74, 237.76, 20886, 3239, 88
2026/09/15 20:36:35.849, 0, NVIDIA GeForce RTX 3090, 580.178.04, P2, 75, 251.10, 20886, 3239, 88
2026/09/15 20:36:36.099, 0, NVIDIA GeForce RTX 3090, 580.178.04, P2, 75, 251.10, 20886, 3239, 88
2026/09/15 20:36:36.350, 0, NVIDIA GeForce RTX 3090, 580.178.04, P2, 74, 264.44, 20886, 3239, 93
2026/09/15 20:36:36.600, 0, NVIDIA GeForce RTX 3090, 580.178.04, P2, 74, 264.44, 20886, 3239, 93
2026/09/15 20:36:36.850, 0, NVIDIA GeForce RTX 3090, 580.178.04, P2, 75, 271.43, 20886, 3239, 93
2026/09/15 20:36:37.101, 0, NVIDIA GeForce RTX 3090, 580.178.04, P2, 75, 271.43, 20886, 3239, 93
2026/09/15 20:36:37.351, 0, NVIDIA GeForce RTX 3090, 580.178.04, P2, 75, 273.67, 20886, 3239, 89
2026/09/15 20:36:37.601, 0, NVIDIA GeForce RTX 3090, 580.178.04, P2, 75, 273.67, 20886, 3239, 89
2026/09/15 20:36:37.852, 0, NVIDIA GeForce RTX 3090, 580.178.04, P2, 74, 263.21, 20886, 3239, 89
2026/09/15 20:36:38.102, 0, NVIDIA GeForce RTX 3090, 580.178.04, P2, 74, 263.21, 20886, 3239, 89
2026/09/15 20:36:38.352, 0, NVIDIA GeForce RTX 3090, 580.178.04, P2, 75, 256.55, 20886, 3239, 90
2026/09/15 20:36:38.602, 0, NVIDIA GeForce RTX 3090, 580.178.04, P2, 75, 256.55, 20886, 3239, 90
2026/09/15 20:36:38.853, 0, NVIDIA GeForce RTX 3090, 580.178.04, P2, 75, 269.19, 20886, 3239, 90
2026/09/15 20:36:39.103, 0, NVIDIA GeForce RTX 3090, 580.178.04, P2, 75, 269.19, 20886, 3239, 90
2026/09/15 20:36:39.353, 0, NVIDIA GeForce RTX 3090, 580.178.04, P2, 75, 269.73, 20886, 3239, 89
2026/09/15 20:36:39.604, 0, NVIDIA GeForce RTX 3090, 580.178.04, P2, 75, 269.73, 20886, 3239, 89
2026/09/15 20:36:39.854, 0, NVIDIA GeForce RTX 3090, 580.178.04, P2, 75, 267.17, 20886, 3239, 89
2026/09/15 20:36:40.105, 0, NVIDIA GeForce RTX 3090, 580.178.04, P2, 75, 267.17, 20886, 3239, 89
2026/09/15 20:36:40.355, 0, NVIDIA GeForce RTX 3090, 580.178.04, P2, 75, 271.15, 20886, 3239, 91
2026/09/15 20:36:40.605, 0, NVIDIA GeForce RTX 3090, 580.178.04, P2, 75, 271.15, 20886, 3239, 91
2026/09/15 20:36:40.856, 0, NVIDIA GeForce RTX 3090, 580.178.04, P2, 74, 258.94, 20886, 3239, 91
2026/09/15 20:36:41.106, 0, NVIDIA GeForce RTX 3090, 580.178.04, P2, 74, 258.94, 20886, 3239, 91
2026/09/15 20:36:41.356, 0, NVIDIA GeForce RTX 3090, 580.178.04, P2, 74, 246.80, 20886, 3239, 96
2026/09/15 20:36:41.607, 0, NVIDIA GeForce RTX 3090, 580.178.04, P2, 74, 246.80, 20886, 3239, 96
2026/09/15 20:36:41.857, 0, NVIDIA GeForce RTX 3090, 580.178.04, P2, 74, 250.25, 20886, 3239, 96
2026/09/15 20:36:42.108, 0, NVIDIA GeForce RTX 3090, 580.178.04, P2, 74, 250.25, 20886, 3239, 96
2026/09/15 20:36:42.358, 0, NVIDIA GeForce RTX 3090, 580.178.04, P2, 74, 256.52, 20886, 3239, 96
2026/09/15 20:36:42.608, 0, NVIDIA GeForce RTX 3090, 580.178.04, P2, 74, 256.52, 20886, 3239, 96
2026/09/15 20:36:42.858, 0, NVIDIA GeForce RTX 3090, 580.178.04, P2, 75, 253.00, 20886, 3239, 96
2026/09/15 20:36:43.109, 0, NVIDIA GeForce RTX 3090, 580.178.04, P2, 75, 253.00, 20886, 3239, 96
2026/09/15 20:36:43.359, 0, NVIDIA GeForce RTX 3090, 580.178.04, P2, 75, 258.71, 20886, 3239, 95
2026/09/15 20:36:43.610, 0, NVIDIA GeForce RTX 3090, 580.178.04, P2, 75, 258.71, 20886, 3239, 95
2026/09/15 20:36:43.860, 0, NVIDIA GeForce RTX 3090, 580.178.04, P2, 75, 260.00, 20886, 3239, 95
2026/09/15 20:36:44.111, 0, NVIDIA GeForce RTX 3090, 580.178.04, P2, 75, 260.00, 20886, 3239, 95
2026/09/15 20:36:44.361, 0, NVIDIA GeForce RTX 3090, 580.178.04, P2, 75, 252.54, 20886, 3239, 92
2026/09/15 20:36:44.611, 0, NVIDIA GeForce RTX 3090, 580.178.04, P2, 75, 252.54, 20886, 3239, 92
2026/09/15 20:36:44.862, 0, NVIDIA GeForce RTX 3090, 580.178.04, P2, 75, 247.43, 20886, 3239, 92
2026/09/15 20:36:45.112, 0, NVIDIA GeForce RTX 3090, 580.178.04, P2, 75, 247.43, 20886, 3239, 92
2026/09/15 20:36:45.362, 0, NVIDIA GeForce RTX 3090, 580.178.04, P2, 75, 245.59, 20886, 3239, 90
2026/09/15 20:36:45.613, 0, NVIDIA GeForce RTX 3090, 580.178.04, P2, 75, 245.59, 20886, 3239, 90
2026/09/15 20:36:45.863, 0, NVIDIA GeForce RTX 3090, 580.178.04, P2, 75, 253.10, 20886, 3239, 90
2026/09/15 20:36:46.113, 0, NVIDIA GeForce RTX 3090, 580.178.04, P2, 75, 253.10, 20886, 3239, 90
2026/09/15 20:36:46.364, 0, NVIDIA GeForce RTX 3090, 580.178.04, P2, 75, 264.26, 20886, 3239, 91
2026/09/15 20:36:46.614, 0, NVIDIA GeForce RTX 3090, 580.178.04, P2, 75, 264.26, 20886, 3239, 91
2026/09/15 20:36:46.865, 0, NVIDIA GeForce RTX 3090, 580.178.04, P2, 76, 273.26, 20886, 3239, 91
2026/09/15 20:36:47.115, 0, NVIDIA GeForce RTX 3090, 580.178.04, P2, 76, 273.26, 20886, 3239, 91
2026/09/15 20:36:47.365, 0, NVIDIA GeForce RTX 3090, 580.178.04, P2, 76, 274.59, 20886, 3239, 87
2026/09/15 20:36:47.616, 0, NVIDIA GeForce RTX 3090, 580.178.04, P2, 76, 274.59, 20886, 3239, 87
2026/09/15 20:36:47.866, 0, NVIDIA GeForce RTX 3090, 580.178.04, P2, 75, 262.52, 20886, 3239, 87
2026/09/15 20:36:48.116, 0, NVIDIA GeForce RTX 3090, 580.178.04, P2, 75, 262.52, 20886, 3239, 87
2026/09/15 20:36:48.367, 0, NVIDIA GeForce RTX 3090, 580.178.04, P2, 75, 252.64, 20886, 3239, 89
2026/09/15 20:36:48.617, 0, NVIDIA GeForce RTX 3090, 580.178.04, P2, 75, 252.64, 20886, 3239, 89
2026/09/15 20:36:48.867, 0, NVIDIA GeForce RTX 3090, 580.178.04, P2, 76, 263.55, 20886, 3239, 89
2026/09/15 20:36:49.117, 0, NVIDIA GeForce RTX 3090, 580.178.04, P2, 76, 263.55, 20886, 3239, 89
2026/09/15 20:36:49.368, 0, NVIDIA GeForce RTX 3090, 580.178.04, P2, 75, 266.71, 20886, 3239, 85
2026/09/15 20:36:49.618, 0, NVIDIA GeForce RTX 3090, 580.178.04, P2, 75, 266.71, 20886, 3239, 85
2026/09/15 20:36:49.868, 0, NVIDIA GeForce RTX 3090, 580.178.04, P2, 76, 268.24, 20886, 3239, 85
2026/09/15 20:36:50.118, 0, NVIDIA GeForce RTX 3090, 580.178.04, P2, 76, 268.24, 20886, 3239, 85
2026/09/15 20:36:50.369, 0, NVIDIA GeForce RTX 3090, 580.178.04, P2, 75, 264.79, 20886, 3239, 90
2026/09/15 20:36:50.619, 0, NVIDIA GeForce RTX 3090, 580.178.04, P2, 75, 264.79, 20886, 3239, 90
2026/09/15 20:36:50.869, 0, NVIDIA GeForce RTX 3090, 580.178.04, P2, 74, 254.55, 20886, 3239, 90
2026/09/15 20:36:51.120, 0, NVIDIA GeForce RTX 3090, 580.178.04, P2, 74, 254.55, 20886, 3239, 90
2026/09/15 20:36:51.370, 0, NVIDIA GeForce RTX 3090, 580.178.04, P2, 73, 241.33, 20886, 3239, 36
2026/09/15 20:36:51.620, 0, NVIDIA GeForce RTX 3090, 580.178.04, P2, 73, 241.33, 20886, 3239, 36
2026/09/15 20:36:51.870, 0, NVIDIA GeForce RTX 3090, 580.178.04, P2, 71, 194.96, 20886, 3239, 36
2026/09/15 20:36:52.121, 0, NVIDIA GeForce RTX 3090, 580.178.04, P2, 71, 194.96, 20886, 3239, 36
2026/09/15 20:36:52.371, 0, NVIDIA GeForce RTX 3090, 580.178.04, P2, 74, 182.94, 20886, 3239, 96
2026/09/15 20:36:52.621, 0, NVIDIA GeForce RTX 3090, 580.178.04, P2, 74, 182.94, 20886, 3239, 96
2026/09/15 20:36:52.872, 0, NVIDIA GeForce RTX 3090, 580.178.04, P2, 75, 240.81, 20886, 3239, 96
2026/09/15 20:36:53.122, 0, NVIDIA GeForce RTX 3090, 580.178.04, P2, 75, 240.81, 20886, 3239, 96
2026/09/15 20:36:53.372, 0, NVIDIA GeForce RTX 3090, 580.178.04, P2, 75, 262.38, 20886, 3239, 96
2026/09/15 20:36:53.622, 0, NVIDIA GeForce RTX 3090, 580.178.04, P2, 75, 262.38, 20886, 3239, 96
2026/09/15 20:36:53.873, 0, NVIDIA GeForce RTX 3090, 580.178.04, P2, 71, 221.82, 20886, 3239, 96
2026/09/15 20:36:54.123, 0, NVIDIA GeForce RTX 3090, 580.178.04, P2, 71, 221.82, 20886, 3239, 96
2026/09/15 20:36:54.373, 0, NVIDIA GeForce RTX 3090, 580.178.04, P2, 74, 219.10, 20886, 3239, 96
2026/09/15 20:36:54.624, 0, NVIDIA GeForce RTX 3090, 580.178.04, P2, 74, 219.10, 20886, 3239, 96
2026/09/15 20:36:54.874, 0, NVIDIA GeForce RTX 3090, 580.178.04, P2, 75, 257.33, 20886, 3239, 96
2026/09/15 20:36:55.125, 0, NVIDIA GeForce RTX 3090, 580.178.04, P2, 75, 257.33, 20886, 3239, 96
2026/09/15 20:36:55.375, 0, NVIDIA GeForce RTX 3090, 580.178.04, P2, 75, 260.95, 20886, 3239, 90
2026/09/15 20:36:55.625, 0, NVIDIA GeForce RTX 3090, 580.178.04, P2, 75, 260.95, 20886, 3239, 90
2026/09/15 20:36:55.876, 0, NVIDIA GeForce RTX 3090, 580.178.04, P2, 75, 260.24, 20886, 3239, 90
2026/09/15 20:36:56.126, 0, NVIDIA GeForce RTX 3090, 580.178.04, P2, 75, 260.24, 20886, 3239, 90
2026/09/15 20:36:56.376, 0, NVIDIA GeForce RTX 3090, 580.178.04, P2, 75, 257.91, 20886, 3239, 92
2026/09/15 20:36:56.627, 0, NVIDIA GeForce RTX 3090, 580.178.04, P2, 75, 257.91, 20886, 3239, 92
2026/09/15 20:36:56.877, 0, NVIDIA GeForce RTX 3090, 580.178.04, P2, 76, 263.04, 20886, 3239, 92
2026/09/15 20:36:57.127, 0, NVIDIA GeForce RTX 3090, 580.178.04, P2, 76, 263.04, 20886, 3239, 92
2026/09/15 20:36:57.377, 0, NVIDIA GeForce RTX 3090, 580.178.04, P2, 76, 271.65, 20886, 3239, 88
2026/09/15 20:36:57.628, 0, NVIDIA GeForce RTX 3090, 580.178.04, P2, 76, 271.65, 20886, 3239, 88
2026/09/15 20:36:57.878, 0, NVIDIA GeForce RTX 3090, 580.178.04, P2, 76, 275.96, 20886, 3239, 88
2026/09/15 20:36:58.128, 0, NVIDIA GeForce RTX 3090, 580.178.04, P2, 76, 275.96, 20886, 3239, 88
2026/09/15 20:36:58.379, 0, NVIDIA GeForce RTX 3090, 580.178.04, P2, 76, 273.88, 20886, 3239, 85
2026/09/15 20:36:58.629, 0, NVIDIA GeForce RTX 3090, 580.178.04, P2, 76, 273.88, 20886, 3239, 85
2026/09/15 20:36:58.879, 0, NVIDIA GeForce RTX 3090, 580.178.04, P2, 76, 274.84, 20886, 3239, 85
2026/09/15 20:36:59.129, 0, NVIDIA GeForce RTX 3090, 580.178.04, P2, 76, 274.84, 20886, 3239, 85
2026/09/15 20:36:59.380, 0, NVIDIA GeForce RTX 3090, 580.178.04, P2, 76, 274.20, 20886, 3239, 88
2026/09/15 20:36:59.630, 0, NVIDIA GeForce RTX 3090, 580.178.04, P2, 76, 274.20, 20886, 3239, 88
2026/09/15 20:36:59.880, 0, NVIDIA GeForce RTX 3090, 580.178.04, P2, 76, 271.73, 20886, 3239, 88
2026/09/15 20:37:00.130, 0, NVIDIA GeForce RTX 3090, 580.178.04, P2, 76, 271.73, 20886, 3239, 88
2026/09/15 20:37:00.381, 0, NVIDIA GeForce RTX 3090, 580.178.04, P2, 76, 266.01, 20886, 3239, 90
2026/09/15 20:37:00.631, 0, NVIDIA GeForce RTX 3090, 580.178.04, P2, 76, 266.01, 20886, 3239, 90
2026/09/15 20:37:00.881, 0, NVIDIA GeForce RTX 3090, 580.178.04, P2, 76, 261.17, 20886, 3239, 90
2026/09/15 20:37:01.132, 0, NVIDIA GeForce RTX 3090, 580.178.04, P2, 76, 261.17, 20886, 3239, 90
2026/09/15 20:37:01.382, 0, NVIDIA GeForce RTX 3090, 580.178.04, P2, 76, 268.82, 20886, 3239, 90
2026/09/15 20:37:01.633, 0, NVIDIA GeForce RTX 3090, 580.178.04, P2, 76, 268.82, 20886, 3239, 90
2026/09/15 20:37:01.883, 0, NVIDIA GeForce RTX 3090, 580.178.04, P2, 75, 261.23, 20886, 3239, 90
2026/09/15 20:37:02.133, 0, NVIDIA GeForce RTX 3090, 580.178.04, P2, 75, 261.23, 20886, 3239, 90
2026/09/15 20:37:02.383, 0, NVIDIA GeForce RTX 3090, 580.178.04, P2, 75, 255.25, 20886, 3239, 96
2026/09/15 20:37:02.634, 0, NVIDIA GeForce RTX 3090, 580.178.04, P2, 75, 255.25, 20886, 3239, 96
2026/09/15 20:37:02.884, 0, NVIDIA GeForce RTX 3090, 580.178.04, P2, 75, 263.15, 20886, 3239, 96
2026/09/15 20:37:03.135, 0, NVIDIA GeForce RTX 3090, 580.178.04, P2, 75, 263.15, 20886, 3239, 96
2026/09/15 20:37:03.385, 0, NVIDIA GeForce RTX 3090, 580.178.04, P2, 76, 258.18, 20886, 3239, 94
2026/09/15 20:37:03.635, 0, NVIDIA GeForce RTX 3090, 580.178.04, P2, 76, 258.18, 20886, 3239, 94
2026/09/15 20:37:03.886, 0, NVIDIA GeForce RTX 3090, 580.178.04, P2, 75, 259.73, 20886, 3239, 94
2026/09/15 20:37:04.136, 0, NVIDIA GeForce RTX 3090, 580.178.04, P2, 75, 259.73, 20886, 3239, 94
2026/09/15 20:37:04.387, 0, NVIDIA GeForce RTX 3090, 580.178.04, P2, 75, 264.35, 20886, 3239, 96
2026/09/15 20:37:04.637, 0, NVIDIA GeForce RTX 3090, 580.178.04, P2, 75, 264.35, 20886, 3239, 96
2026/09/15 20:37:04.887, 0, NVIDIA GeForce RTX 3090, 580.178.04, P2, 76, 259.18, 20886, 3239, 96
2026/09/15 20:37:05.138, 0, NVIDIA GeForce RTX 3090, 580.178.04, P2, 76, 259.18, 20886, 3239, 96
2026/09/15 20:37:05.388, 0, NVIDIA GeForce RTX 3090, 580.178.04, P2, 76, 260.44, 20886, 3239, 90
2026/09/15 20:37:05.638, 0, NVIDIA GeForce RTX 3090, 580.178.04, P2, 76, 260.44, 20886, 3239, 90
2026/09/15 20:37:05.889, 0, NVIDIA GeForce RTX 3090, 580.178.04, P2, 76, 260.37, 20886, 3239, 90
2026/09/15 20:37:06.139, 0, NVIDIA GeForce RTX 3090, 580.178.04, P2, 76, 260.37, 20886, 3239, 90
2026/09/15 20:37:06.389, 0, NVIDIA GeForce RTX 3090, 580.178.04, P2, 76, 259.77, 20886, 3239, 93
2026/09/15 20:37:06.639, 0, NVIDIA GeForce RTX 3090, 580.178.04, P2, 76, 259.77, 20886, 3239, 93
2026/09/15 20:37:06.890, 0, NVIDIA GeForce RTX 3090, 580.178.04, P2, 76, 257.04, 20886, 3239, 93
2026/09/15 20:37:07.140, 0, NVIDIA GeForce RTX 3090, 580.178.04, P2, 76, 257.04, 20886, 3239, 93
2026/09/15 20:37:07.390, 0, NVIDIA GeForce RTX 3090, 580.178.04, P2, 76, 252.75, 20886, 3239, 93
2026/09/15 20:37:07.641, 0, NVIDIA GeForce RTX 3090, 580.178.04, P2, 76, 252.75, 20886, 3239, 93
2026/09/15 20:37:07.891, 0, NVIDIA GeForce RTX 3090, 580.178.04, P2, 76, 253.71, 20886, 3239, 93
2026/09/15 20:37:08.141, 0, NVIDIA GeForce RTX 3090, 580.178.04, P2, 76, 253.71, 20886, 3239, 93
2026/09/15 20:37:08.392, 0, NVIDIA GeForce RTX 3090, 580.178.04, P2, 76, 254.31, 20886, 3239, 93
2026/09/15 20:37:08.642, 0, NVIDIA GeForce RTX 3090, 580.178.04, P2, 76, 254.31, 20886, 3239, 93
2026/09/15 20:37:08.892, 0, NVIDIA GeForce RTX 3090, 580.178.04, P2, 76, 252.74, 20886, 3239, 93
2026/09/15 20:37:09.143, 0, NVIDIA GeForce RTX 3090, 580.178.04, P2, 76, 252.74, 20886, 3239, 93
2026/09/15 20:37:09.393, 0, NVIDIA GeForce RTX 3090, 580.178.04, P2, 76, 251.95, 20886, 3239, 91
2026/09/15 20:37:09.644, 0, NVIDIA GeForce RTX 3090, 580.178.04, P2, 76, 251.95, 20886, 3239, 91
2026/09/15 20:37:09.894, 0, NVIDIA GeForce RTX 3090, 580.178.04, P2, 75, 250.39, 20886, 3239, 91
2026/09/15 20:37:10.144, 0, NVIDIA GeForce RTX 3090, 580.178.04, P2, 75, 250.39, 20886, 3239, 91
2026/09/15 20:37:10.394, 0, NVIDIA GeForce RTX 3090, 580.178.04, P2, 75, 247.11, 20886, 3239, 93
2026/09/15 20:37:10.645, 0, NVIDIA GeForce RTX 3090, 580.178.04, P2, 75, 247.11, 20886, 3239, 93
2026/09/15 20:37:10.895, 0, NVIDIA GeForce RTX 3090, 580.178.04, P2, 75, 246.15, 20886, 3239, 93
2026/09/15 20:37:11.145, 0, NVIDIA GeForce RTX 3090, 580.178.04, P2, 75, 246.15, 20886, 3239, 93
2026/09/15 20:37:11.396, 0, NVIDIA GeForce RTX 3090, 580.178.04, P2, 76, 254.16, 20886, 3239, 92
2026/09/15 20:37:11.646, 0, NVIDIA GeForce RTX 3090, 580.178.04, P2, 76, 254.16, 20886, 3239, 92
2026/09/15 20:37:11.896, 0, NVIDIA GeForce RTX 3090, 580.178.04, P2, 76, 254.22, 20886, 3239, 92
2026/09/15 20:37:12.146, 0, NVIDIA GeForce RTX 3090, 580.178.04, P2, 76, 254.22, 20886, 3239, 92
2026/09/15 20:37:12.397, 0, NVIDIA GeForce RTX 3090, 580.178.04, P2, 76, 251.39, 20886, 3239, 94
2026/09/15 20:37:12.647, 0, NVIDIA GeForce RTX 3090, 580.178.04, P2, 76, 251.39, 20886, 3239, 94
2026/09/15 20:37:12.897, 0, NVIDIA GeForce RTX 3090, 580.178.04, P2, 76, 251.44, 20886, 3239, 94
2026/09/15 20:37:13.147, 0, NVIDIA GeForce RTX 3090, 580.178.04, P2, 76, 251.44, 20886, 3239, 94
2026/09/15 20:37:13.398, 0, NVIDIA GeForce RTX 3090, 580.178.04, P2, 76, 259.71, 20886, 3239, 96
2026/09/15 20:37:13.648, 0, NVIDIA GeForce RTX 3090, 580.178.04, P2, 76, 259.71, 20886, 3239, 96
2026/09/15 20:37:13.898, 0, NVIDIA GeForce RTX 3090, 580.178.04, P2, 76, 264.60, 20886, 3239, 96
2026/09/15 20:37:14.149, 0, NVIDIA GeForce RTX 3090, 580.178.04, P2, 76, 264.60, 20886, 3239, 96
2026/09/15 20:37:14.399, 0, NVIDIA GeForce RTX 3090, 580.178.04, P2, 76, 263.64, 20886, 3239, 96
2026/09/15 20:37:14.649, 0, NVIDIA GeForce RTX 3090, 580.178.04, P2, 76, 263.64, 20886, 3239, 96
2026/09/15 20:37:14.899, 0, NVIDIA GeForce RTX 3090, 580.178.04, P2, 76, 265.55, 20886, 3239, 96
2026/09/15 20:37:15.150, 0, NVIDIA GeForce RTX 3090, 580.178.04, P2, 76, 265.55, 20886, 3239, 96
2026/09/15 20:37:15.400, 0, NVIDIA GeForce RTX 3090, 580.178.04, P2, 76, 266.18, 20886, 3239, 91
2026/09/15 20:37:15.650, 0, NVIDIA GeForce RTX 3090, 580.178.04, P2, 76, 266.18, 20886, 3239, 91
2026/09/15 20:37:15.900, 0, NVIDIA GeForce RTX 3090, 580.178.04, P2, 77, 263.06, 20886, 3239, 91
2026/09/15 20:37:16.151, 0, NVIDIA GeForce RTX 3090, 580.178.04, P2, 77, 263.06, 20886, 3239, 91
2026/09/15 20:37:16.401, 0, NVIDIA GeForce RTX 3090, 580.178.04, P2, 76, 260.08, 20886, 3239, 90
2026/09/15 20:37:16.651, 0, NVIDIA GeForce RTX 3090, 580.178.04, P2, 76, 260.08, 20886, 3239, 90
2026/09/15 20:37:16.902, 0, NVIDIA GeForce RTX 3090, 580.178.04, P2, 76, 260.77, 20886, 3239, 90
2026/09/15 20:37:17.152, 0, NVIDIA GeForce RTX 3090, 580.178.04, P2, 76, 260.77, 20886, 3239, 90
2026/09/15 20:37:17.402, 0, NVIDIA GeForce RTX 3090, 580.178.04, P2, 76, 258.48, 20886, 3239, 92
2026/09/15 20:37:17.653, 0, NVIDIA GeForce RTX 3090, 580.178.04, P2, 76, 258.48, 20886, 3239, 92
2026/09/15 20:37:17.903, 0, NVIDIA GeForce RTX 3090, 580.178.04, P2, 76, 258.25, 20886, 3239, 92
2026/09/15 20:37:18.153, 0, NVIDIA GeForce RTX 3090, 580.178.04, P2, 76, 258.25, 20886, 3239, 92
2026/09/15 20:37:18.404, 0, NVIDIA GeForce RTX 3090, 580.178.04, P2, 76, 259.76, 20886, 3239, 92
2026/09/15 20:37:18.654, 0, NVIDIA GeForce RTX 3090, 580.178.04, P2, 76, 259.76, 20886, 3239, 92
2026/09/15 20:37:18.904, 0, NVIDIA GeForce RTX 3090, 580.178.04, P2, 76, 260.09, 20886, 3239, 92
2026/09/15 20:37:19.154, 0, NVIDIA GeForce RTX 3090, 580.178.04, P2, 76, 260.09, 20886, 3239, 92
2026/09/15 20:37:19.405, 0, NVIDIA GeForce RTX 3090, 580.178.04, P2, 76, 255.34, 20886, 3239, 93
2026/09/15 20:37:19.655, 0, NVIDIA GeForce RTX 3090, 580.178.04, P2, 76, 255.34, 20886, 3239, 93
2026/09/15 20:37:19.905, 0, NVIDIA GeForce RTX 3090, 580.178.04, P2, 76, 250.49, 20886, 3239, 93
2026/09/15 20:37:20.156, 0, NVIDIA GeForce RTX 3090, 580.178.04, P2, 76, 250.49, 20886, 3239, 93
2026/09/15 20:37:20.406, 0, NVIDIA GeForce RTX 3090, 580.178.04, P2, 76, 253.69, 20886, 3239, 93
2026/09/15 20:37:20.656, 0, NVIDIA GeForce RTX 3090, 580.178.04, P2, 76, 253.69, 20886, 3239, 93
2026/09/15 20:37:20.907, 0, NVIDIA GeForce RTX 3090, 580.178.04, P2, 76, 256.39, 20886, 3239, 93
2026/09/15 20:37:21.157, 0, NVIDIA GeForce RTX 3090, 580.178.04, P2, 76, 256.39, 20886, 3239, 93
2026/09/15 20:37:21.407, 0, NVIDIA GeForce RTX 3090, 580.178.04, P2, 76, 251.49, 20886, 3239, 96
2026/09/15 20:37:21.658, 0, NVIDIA GeForce RTX 3090, 580.178.04, P2, 76, 251.49, 20886, 3239, 96
2026/09/15 20:37:21.908, 0, NVIDIA GeForce RTX 3090, 580.178.04, P2, 76, 246.76, 20886, 3239, 96
2026/09/15 20:37:22.158, 0, NVIDIA GeForce RTX 3090, 580.178.04, P2, 76, 246.76, 20886, 3239, 96
2026/09/15 20:37:22.409, 0, NVIDIA GeForce RTX 3090, 580.178.04, P2, 76, 249.23, 20886, 3239, 92
2026/09/15 20:37:22.659, 0, NVIDIA GeForce RTX 3090, 580.178.04, P2, 76, 249.23, 20886, 3239, 92
2026/09/15 20:37:22.909, 0, NVIDIA GeForce RTX 3090, 580.178.04, P2, 75, 248.75, 20886, 3239, 92
2026/09/15 20:37:23.160, 0, NVIDIA GeForce RTX 3090, 580.178.04, P2, 75, 248.75, 20886, 3239, 92
2026/09/15 20:37:23.410, 0, NVIDIA GeForce RTX 3090, 580.178.04, P2, 76, 247.10, 20886, 3239, 96
2026/09/15 20:37:23.660, 0, NVIDIA GeForce RTX 3090, 580.178.04, P2, 76, 247.10, 20886, 3239, 96
2026/09/15 20:37:23.910, 0, NVIDIA GeForce RTX 3090, 580.178.04, P2, 76, 257.33, 20886, 3239, 96
2026/09/15 20:37:24.161, 0, NVIDIA GeForce RTX 3090, 580.178.04, P2, 76, 257.33, 20886, 3239, 96
2026/09/15 20:37:24.411, 0, NVIDIA GeForce RTX 3090, 580.178.04, P2, 76, 264.23, 20886, 3239, 96
2026/09/15 20:37:24.662, 0, NVIDIA GeForce RTX 3090, 580.178.04, P2, 76, 264.23, 20886, 3239, 96
2026/09/15 20:37:24.912, 0, NVIDIA GeForce RTX 3090, 580.178.04, P2, 76, 258.20, 20886, 3239, 96
2026/09/15 20:37:25.163, 0, NVIDIA GeForce RTX 3090, 580.178.04, P2, 76, 258.20, 20886, 3239, 96
2026/09/15 20:37:25.413, 0, NVIDIA GeForce RTX 3090, 580.178.04, P2, 76, 262.40, 20886, 3239, 95
2026/09/15 20:37:25.663, 0, NVIDIA GeForce RTX 3090, 580.178.04, P2, 76, 262.40, 20886, 3239, 95
2026/09/15 20:37:25.913, 0, NVIDIA GeForce RTX 3090, 580.178.04, P2, 76, 267.17, 20886, 3239, 95
2026/09/15 20:37:26.164, 0, NVIDIA GeForce RTX 3090, 580.178.04, P2, 76, 267.17, 20886, 3239, 95
2026/09/15 20:37:26.414, 0, NVIDIA GeForce RTX 3090, 580.178.04, P2, 77, 261.06, 20886, 3239, 92
2026/09/15 20:37:26.664, 0, NVIDIA GeForce RTX 3090, 580.178.04, P2, 77, 261.06, 20886, 3239, 92
2026/09/15 20:37:26.915, 0, NVIDIA GeForce RTX 3090, 580.178.04, P2, 77, 261.66, 20886, 3239, 92
2026/09/15 20:37:27.165, 0, NVIDIA GeForce RTX 3090, 580.178.04, P2, 77, 261.66, 20886, 3239, 92
2026/09/15 20:37:27.416, 0, NVIDIA GeForce RTX 3090, 580.178.04, P2, 76, 256.63, 20886, 3239, 92
2026/09/15 20:37:27.666, 0, NVIDIA GeForce RTX 3090, 580.178.04, P2, 76, 256.63, 20886, 3239, 92
2026/09/15 20:37:27.917, 0, NVIDIA GeForce RTX 3090, 580.178.04, P2, 77, 257.12, 20886, 3239, 92
2026/09/15 20:37:28.167, 0, NVIDIA GeForce RTX 3090, 580.178.04, P2, 77, 257.12, 20886, 3239, 92
2026/09/15 20:37:28.417, 0, NVIDIA GeForce RTX 3090, 580.178.04, P2, 76, 257.90, 20886, 3239, 93
2026/09/15 20:37:28.668, 0, NVIDIA GeForce RTX 3090, 580.178.04, P2, 76, 257.90, 20886, 3239, 93
2026/09/15 20:37:28.918, 0, NVIDIA GeForce RTX 3090, 580.178.04, P2, 76, 254.94, 20886, 3239, 93
2026/09/15 20:37:29.169, 0, NVIDIA GeForce RTX 3090, 580.178.04, P2, 76, 254.94, 20886, 3239, 93
2026/09/15 20:37:29.419, 0, NVIDIA GeForce RTX 3090, 580.178.04, P2, 76, 254.68, 20886, 3239, 93
2026/09/15 20:37:29.669, 0, NVIDIA GeForce RTX 3090, 580.178.04, P2, 76, 254.68, 20886, 3239, 93
2026/09/15 20:37:29.919, 0, NVIDIA GeForce RTX 3090, 580.178.04, P2, 76, 249.03, 20886, 3239, 93
2026/09/15 20:37:30.170, 0, NVIDIA GeForce RTX 3090, 580.178.04, P2, 76, 249.03, 20886, 3239, 93
2026/09/15 20:37:30.420, 0, NVIDIA GeForce RTX 3090, 580.178.04, P2, 76, 246.02, 20886, 3239, 94
2026/09/15 20:37:30.670, 0, NVIDIA GeForce RTX 3090, 580.178.04, P2, 76, 246.02, 20886, 3239, 94
2026/09/15 20:37:30.921, 0, NVIDIA GeForce RTX 3090, 580.178.04, P2, 76, 252.63, 20886, 3239, 94
2026/09/15 20:37:31.171, 0, NVIDIA GeForce RTX 3090, 580.178.04, P2, 76, 252.63, 20886, 3239, 94
2026/09/15 20:37:31.421, 0, NVIDIA GeForce RTX 3090, 580.178.04, P2, 76, 249.85, 20886, 3239, 93
2026/09/15 20:37:31.672, 0, NVIDIA GeForce RTX 3090, 580.178.04, P2, 76, 249.85, 20886, 3239, 93
2026/09/15 20:37:31.922, 0, NVIDIA GeForce RTX 3090, 580.178.04, P2, 76, 245.37, 20886, 3239, 93
2026/09/15 20:37:32.172, 0, NVIDIA GeForce RTX 3090, 580.178.04, P2, 76, 245.37, 20886, 3239, 93
2026/09/15 20:37:32.423, 0, NVIDIA GeForce RTX 3090, 580.178.04, P2, 77, 248.27, 20886, 3239, 92
2026/09/15 20:37:32.673, 0, NVIDIA GeForce RTX 3090, 580.178.04, P2, 77, 248.27, 20886, 3239, 92
2026/09/15 20:37:32.923, 0, NVIDIA GeForce RTX 3090, 580.178.04, P2, 77, 255.46, 20886, 3239, 92
2026/09/15 20:37:33.174, 0, NVIDIA GeForce RTX 3090, 580.178.04, P2, 77, 255.46, 20886, 3239, 92
2026/09/15 20:37:33.424, 0, NVIDIA GeForce RTX 3090, 580.178.04, P2, 76, 256.91, 20886, 3239, 93
2026/09/15 20:37:33.674, 0, NVIDIA GeForce RTX 3090, 580.178.04, P2, 76, 256.91, 20886, 3239, 93
2026/09/15 20:37:33.924, 0, NVIDIA GeForce RTX 3090, 580.178.04, P2, 76, 253.26, 20886, 3239, 93
2026/09/15 20:37:34.175, 0, NVIDIA GeForce RTX 3090, 580.178.04, P2, 76, 253.26, 20890, 3235, 93
2026/09/15 20:37:34.425, 0, NVIDIA GeForce RTX 3090, 580.178.04, P2, 73, 226.37, 20892, 3233, 0
2026/09/15 20:37:34.675, 0, NVIDIA GeForce RTX 3090, 580.178.04, P2, 73, 226.37, 20894, 3231, 0
2026/09/15 20:37:34.926, 0, NVIDIA GeForce RTX 3090, 580.178.04, P2, 74, 206.00, 20894, 3231, 0
2026/09/15 20:37:35.176, 0, NVIDIA GeForce RTX 3090, 580.178.04, P2, 74, 206.00, 21182, 2943, 0
2026/09/15 20:37:35.426, 0, NVIDIA GeForce RTX 3090, 580.178.04, P2, 73, 202.20, 21182, 2943, 8
2026/09/15 20:37:35.677, 0, NVIDIA GeForce RTX 3090, 580.178.04, P2, 73, 202.20, 21182, 2943, 8
2026/09/15 20:37:35.927, 0, NVIDIA GeForce RTX 3090, 580.178.04, P2, 74, 209.98, 21182, 2943, 8
2026/09/15 20:37:36.178, 0, NVIDIA GeForce RTX 3090, 580.178.04, P2, 74, 209.98, 21182, 2943, 8
2026/09/15 20:37:36.428, 0, NVIDIA GeForce RTX 3090, 580.178.04, P2, 73, 212.50, 21184, 2941, 7
2026/09/15 20:37:36.678, 0, NVIDIA GeForce RTX 3090, 580.178.04, P2, 73, 212.50, 21184, 2941, 7
2026/09/15 20:37:36.929, 0, NVIDIA GeForce RTX 3090, 580.178.04, P2, 74, 214.28, 21184, 2941, 7
2026/09/15 20:37:37.179, 0, NVIDIA GeForce RTX 3090, 580.178.04, P2, 74, 214.28, 21184, 2941, 7
2026/09/15 20:37:37.429, 0, NVIDIA GeForce RTX 3090, 580.178.04, P2, 74, 209.54, 21184, 2941, 53
2026/09/15 20:37:37.680, 0, NVIDIA GeForce RTX 3090, 580.178.04, P2, 74, 209.54, 21184, 2941, 53
2026/09/15 20:37:37.930, 0, NVIDIA GeForce RTX 3090, 580.178.04, P2, 75, 228.13, 21184, 2941, 53
2026/09/15 20:37:38.181, 0, NVIDIA GeForce RTX 3090, 580.178.04, P2, 75, 228.13, 21184, 2941, 53
2026/09/15 20:37:38.431, 0, NVIDIA GeForce RTX 3090, 580.178.04, P2, 75, 225.89, 21184, 2941, 85
2026/09/15 20:37:38.682, 0, NVIDIA GeForce RTX 3090, 580.178.04, P2, 75, 225.89, 21184, 2941, 85
2026/09/15 20:37:38.932, 0, NVIDIA GeForce RTX 3090, 580.178.04, P2, 75, 231.72, 21184, 2941, 85
2026/09/15 20:37:39.183, 0, NVIDIA GeForce RTX 3090, 580.178.04, P2, 75, 231.72, 21184, 2941, 85
