2026/09/15 20:41:38.018, 0, NVIDIA GeForce RTX 3090, 580.178.04, P2, 63, 118.05, 19504, 4621, 0
2026/09/15 20:41:38.276, 0, NVIDIA GeForce RTX 3090, 580.178.04, P2, 63, 118.05, 19584, 4541, 0
2026/09/15 20:41:38.527, 0, NVIDIA GeForce RTX 3090, 580.178.04, P2, 63, 118.05, 19584, 4541, 0
2026/09/15 20:41:38.777, 0, NVIDIA GeForce RTX 3090, 580.178.04, P2, 63, 115.87, 20682, 3443, 0
2026/09/15 20:41:39.027, 0, NVIDIA GeForce RTX 3090, 580.178.04, P2, 63, 115.87, 20682, 3443, 0
2026/09/15 20:41:39.277, 0, NVIDIA GeForce RTX 3090, 580.178.04, P2, 63, 119.28, 20844, 3281, 0
2026/09/15 20:41:39.528, 0, NVIDIA GeForce RTX 3090, 580.178.04, P2, 63, 119.28, 20844, 3281, 0
2026/09/15 20:41:39.778, 0, NVIDIA GeForce RTX 3090, 580.178.04, P2, 67, 166.58, 20844, 3281, 0
2026/09/15 20:41:40.028, 0, NVIDIA GeForce RTX 3090, 580.178.04, P2, 67, 166.58, 20844, 3281, 0
2026/09/15 20:41:40.278, 0, NVIDIA GeForce RTX 3090, 580.178.04, P2, 69, 237.34, 20844, 3281, 96
2026/09/15 20:41:40.529, 0, NVIDIA GeForce RTX 3090, 580.178.04, P2, 69, 237.34, 20844, 3281, 96
2026/09/15 20:41:40.779, 0, NVIDIA GeForce RTX 3090, 580.178.04, P2, 69, 259.96, 20844, 3281, 96
2026/09/15 20:41:41.030, 0, NVIDIA GeForce RTX 3090, 580.178.04, P2, 69, 259.96, 20884, 3241, 96
2026/09/15 20:41:41.280, 0, NVIDIA GeForce RTX 3090, 580.178.04, P2, 67, 226.92, 20884, 3241, 87
2026/09/15 20:41:41.530, 0, NVIDIA GeForce RTX 3090, 580.178.04, P2, 67, 226.92, 20884, 3241, 87
2026/09/15 20:41:41.780, 0, NVIDIA GeForce RTX 3090, 580.178.04, P2, 70, 229.96, 20884, 3241, 87
2026/09/15 20:41:42.031, 0, NVIDIA GeForce RTX 3090, 580.178.04, P2, 70, 229.96, 20884, 3241, 87
2026/09/15 20:41:42.281, 0, NVIDIA GeForce RTX 3090, 580.178.04, P2, 70, 261.17, 20884, 3241, 96
2026/09/15 20:41:42.531, 0, NVIDIA GeForce RTX 3090, 580.178.04, P2, 70, 261.17, 20884, 3241, 96
2026/09/15 20:41:42.782, 0, NVIDIA GeForce RTX 3090, 580.178.04, P2, 68, 240.86, 20886, 3239, 96
2026/09/15 20:41:43.032, 0, NVIDIA GeForce RTX 3090, 580.178.04, P2, 68, 240.86, 20886, 3239, 96
2026/09/15 20:41:43.282, 0, NVIDIA GeForce RTX 3090, 580.178.04, P2, 70, 236.38, 20886, 3239, 93
2026/09/15 20:41:43.533, 0, NVIDIA GeForce RTX 3090, 580.178.04, P2, 70, 236.38, 20886, 3239, 93
2026/09/15 20:41:43.783, 0, NVIDIA GeForce RTX 3090, 580.178.04, P2, 71, 246.44, 20886, 3239, 93
2026/09/15 20:41:44.033, 0, NVIDIA GeForce RTX 3090, 580.178.04, P2, 71, 246.44, 20886, 3239, 93
2026/09/15 20:41:44.283, 0, NVIDIA GeForce RTX 3090, 580.178.04, P2, 71, 263.35, 20886, 3239, 88
2026/09/15 20:41:44.534, 0, NVIDIA GeForce RTX 3090, 580.178.04, P2, 71, 263.35, 20886, 3239, 88
2026/09/15 20:41:44.784, 0, NVIDIA GeForce RTX 3090, 580.178.04, P2, 71, 272.20, 20886, 3239, 88
2026/09/15 20:41:45.034, 0, NVIDIA GeForce RTX 3090, 580.178.04, P2, 71, 272.20, 20886, 3239, 88
2026/09/15 20:41:45.284, 0, NVIDIA GeForce RTX 3090, 580.178.04, P2, 72, 275.29, 20886, 3239, 90
2026/09/15 20:41:45.535, 0, NVIDIA GeForce RTX 3090, 580.178.04, P2, 72, 275.29, 20886, 3239, 90
2026/09/15 20:41:45.785, 0, NVIDIA GeForce RTX 3090, 580.178.04, P2, 72, 275.88, 20886, 3239, 90
2026/09/15 20:41:46.035, 0, NVIDIA GeForce RTX 3090, 580.178.04, P2, 72, 275.88, 20886, 3239, 90
2026/09/15 20:41:46.286, 0, NVIDIA GeForce RTX 3090, 580.178.04, P2, 72, 276.61, 20886, 3239, 87
2026/09/15 20:41:46.536, 0, NVIDIA GeForce RTX 3090, 580.178.04, P2, 72, 276.61, 20886, 3239, 87
2026/09/15 20:41:46.786, 0, NVIDIA GeForce RTX 3090, 580.178.04, P2, 72, 271.18, 20886, 3239, 87
2026/09/15 20:41:47.037, 0, NVIDIA GeForce RTX 3090, 580.178.04, P2, 72, 271.18, 20886, 3239, 87
2026/09/15 20:41:47.287, 0, NVIDIA GeForce RTX 3090, 580.178.04, P2, 72, 267.07, 20886, 3239, 91
2026/09/15 20:41:47.537, 0, NVIDIA GeForce RTX 3090, 580.178.04, P2, 72, 267.07, 20886, 3239, 91
2026/09/15 20:41:47.787, 0, NVIDIA GeForce RTX 3090, 580.178.04, P2, 72, 269.73, 20886, 3239, 91
2026/09/15 20:41:48.038, 0, NVIDIA GeForce RTX 3090, 580.178.04, P2, 72, 269.73, 20886, 3239, 91
2026/09/15 20:41:48.288, 0, NVIDIA GeForce RTX 3090, 580.178.04, P2, 72, 268.61, 20886, 3239, 92
2026/09/15 20:41:48.538, 0, NVIDIA GeForce RTX 3090, 580.178.04, P2, 72, 268.61, 20886, 3239, 92
2026/09/15 20:41:48.789, 0, NVIDIA GeForce RTX 3090, 580.178.04, P2, 72, 261.99, 20886, 3239, 92
2026/09/15 20:41:49.039, 0, NVIDIA GeForce RTX 3090, 580.178.04, P2, 72, 261.99, 20886, 3239, 92
2026/09/15 20:41:49.290, 0, NVIDIA GeForce RTX 3090, 580.178.04, P2, 72, 260.54, 20886, 3239, 91
2026/09/15 20:41:49.540, 0, NVIDIA GeForce RTX 3090, 580.178.04, P2, 72, 260.54, 20886, 3239, 91
2026/09/15 20:41:49.790, 0, NVIDIA GeForce RTX 3090, 580.178.04, P2, 71, 256.81, 20886, 3239, 91
2026/09/15 20:41:50.041, 0, NVIDIA GeForce RTX 3090, 580.178.04, P2, 71, 256.81, 20886, 3239, 91
2026/09/15 20:41:50.291, 0, NVIDIA GeForce RTX 3090, 580.178.04, P2, 72, 257.92, 20886, 3239, 95
2026/09/15 20:41:50.542, 0, NVIDIA GeForce RTX 3090, 580.178.04, P2, 72, 257.92, 20886, 3239, 95
2026/09/15 20:41:50.792, 0, NVIDIA GeForce RTX 3090, 580.178.04, P2, 72, 257.60, 20886, 3239, 95
2026/09/15 20:41:51.043, 0, NVIDIA GeForce RTX 3090, 580.178.04, P2, 72, 257.60, 20886, 3239, 95
2026/09/15 20:41:51.293, 0, NVIDIA GeForce RTX 3090, 580.178.04, P2, 71, 253.12, 20886, 3239, 76
2026/09/15 20:41:51.544, 0, NVIDIA GeForce RTX 3090, 580.178.04, P2, 71, 253.12, 20886, 3239, 76
2026/09/15 20:41:51.794, 0, NVIDIA GeForce RTX 3090, 580.178.04, P2, 72, 257.47, 20886, 3239, 76
2026/09/15 20:41:52.045, 0, NVIDIA GeForce RTX 3090, 580.178.04, P2, 72, 257.47, 20886, 3239, 76
2026/09/15 20:41:52.295, 0, NVIDIA GeForce RTX 3090, 580.178.04, P2, 72, 259.29, 20886, 3239, 96
2026/09/15 20:41:52.546, 0, NVIDIA GeForce RTX 3090, 580.178.04, P2, 72, 259.29, 20886, 3239, 96
2026/09/15 20:41:52.796, 0, NVIDIA GeForce RTX 3090, 580.178.04, P2, 71, 256.06, 20886, 3239, 96
2026/09/15 20:41:53.046, 0, NVIDIA GeForce RTX 3090, 580.178.04, P2, 71, 256.06, 20886, 3239, 96
2026/09/15 20:41:53.297, 0, NVIDIA GeForce RTX 3090, 580.178.04, P2, 72, 251.70, 20886, 3239, 93
2026/09/15 20:41:53.547, 0, NVIDIA GeForce RTX 3090, 580.178.04, P2, 72, 251.70, 20886, 3239, 93
2026/09/15 20:41:53.798, 0, NVIDIA GeForce RTX 3090, 580.178.04, P2, 72, 255.36, 20886, 3239, 93
2026/09/15 20:41:54.048, 0, NVIDIA GeForce RTX 3090, 580.178.04, P2, 72, 255.36, 20886, 3239, 93
2026/09/15 20:41:54.299, 0, NVIDIA GeForce RTX 3090, 580.178.04, P2, 73, 265.83, 20886, 3239, 86
2026/09/15 20:41:54.549, 0, NVIDIA GeForce RTX 3090, 580.178.04, P2, 73, 265.83, 20886, 3239, 86
2026/09/15 20:41:54.799, 0, NVIDIA GeForce RTX 3090, 580.178.04, P2, 73, 274.63, 20886, 3239, 86
2026/09/15 20:41:55.049, 0, NVIDIA GeForce RTX 3090, 580.178.04, P2, 73, 274.63, 20886, 3239, 86
2026/09/15 20:41:55.299, 0, NVIDIA GeForce RTX 3090, 580.178.04, P2, 73, 278.67, 20886, 3239, 89
2026/09/15 20:41:55.550, 0, NVIDIA GeForce RTX 3090, 580.178.04, P2, 73, 278.67, 20886, 3239, 89
2026/09/15 20:41:55.800, 0, NVIDIA GeForce RTX 3090, 580.178.04, P2, 73, 277.70, 20886, 3239, 89
2026/09/15 20:41:56.051, 0, NVIDIA GeForce RTX 3090, 580.178.04, P2, 73, 277.70, 20886, 3239, 89
2026/09/15 20:41:56.301, 0, NVIDIA GeForce RTX 3090, 580.178.04, P2, 73, 272.82, 20886, 3239, 88
2026/09/15 20:41:56.552, 0, NVIDIA GeForce RTX 3090, 580.178.04, P2, 73, 272.82, 20886, 3239, 88
2026/09/15 20:41:56.802, 0, NVIDIA GeForce RTX 3090, 580.178.04, P2, 73, 269.36, 20886, 3239, 88
2026/09/15 20:41:57.052, 0, NVIDIA GeForce RTX 3090, 580.178.04, P2, 73, 269.36, 20886, 3239, 88
2026/09/15 20:41:57.302, 0, NVIDIA GeForce RTX 3090, 580.178.04, P2, 73, 271.83, 20886, 3239, 90
2026/09/15 20:41:57.553, 0, NVIDIA GeForce RTX 3090, 580.178.04, P2, 73, 271.83, 20886, 3239, 90
2026/09/15 20:41:57.803, 0, NVIDIA GeForce RTX 3090, 580.178.04, P2, 74, 275.58, 20886, 3239, 90
2026/09/15 20:41:58.053, 0, NVIDIA GeForce RTX 3090, 580.178.04, P2, 74, 275.58, 20886, 3239, 90
2026/09/15 20:41:58.303, 0, NVIDIA GeForce RTX 3090, 580.178.04, P2, 73, 276.03, 20886, 3239, 85
2026/09/15 20:41:58.554, 0, NVIDIA GeForce RTX 3090, 580.178.04, P2, 73, 276.03, 20886, 3239, 85
2026/09/15 20:41:58.804, 0, NVIDIA GeForce RTX 3090, 580.178.04, P2, 74, 268.54, 20886, 3239, 85
2026/09/15 20:41:59.054, 0, NVIDIA GeForce RTX 3090, 580.178.04, P2, 74, 268.54, 20886, 3239, 85
2026/09/15 20:41:59.305, 0, NVIDIA GeForce RTX 3090, 580.178.04, P2, 73, 265.78, 20886, 3239, 90
2026/09/15 20:41:59.555, 0, NVIDIA GeForce RTX 3090, 580.178.04, P2, 73, 265.78, 20886, 3239, 90
2026/09/15 20:41:59.805, 0, NVIDIA GeForce RTX 3090, 580.178.04, P2, 72, 261.02, 20886, 3239, 90
2026/09/15 20:42:00.056, 0, NVIDIA GeForce RTX 3090, 580.178.04, P2, 72, 261.02, 20886, 3239, 90
2026/09/15 20:42:00.306, 0, NVIDIA GeForce RTX 3090, 580.178.04, P2, 73, 256.92, 20886, 3239, 95
2026/09/15 20:42:00.557, 0, NVIDIA GeForce RTX 3090, 580.178.04, P2, 73, 256.92, 20886, 3239, 95
2026/09/15 20:42:00.807, 0, NVIDIA GeForce RTX 3090, 580.178.04, P2, 73, 263.25, 20886, 3239, 95
2026/09/15 20:42:01.058, 0, NVIDIA GeForce RTX 3090, 580.178.04, P2, 73, 263.25, 20886, 3239, 95
2026/09/15 20:42:01.308, 0, NVIDIA GeForce RTX 3090, 580.178.04, P2, 73, 258.41, 20886, 3239, 94
2026/09/15 20:42:01.559, 0, NVIDIA GeForce RTX 3090, 580.178.04, P2, 73, 258.41, 20886, 3239, 94
2026/09/15 20:42:01.809, 0, NVIDIA GeForce RTX 3090, 580.178.04, P2, 73, 257.42, 20886, 3239, 94
2026/09/15 20:42:02.059, 0, NVIDIA GeForce RTX 3090, 580.178.04, P2, 73, 257.42, 20886, 3239, 94
2026/09/15 20:42:02.309, 0, NVIDIA GeForce RTX 3090, 580.178.04, P2, 73, 260.28, 20886, 3239, 96
2026/09/15 20:42:02.560, 0, NVIDIA GeForce RTX 3090, 580.178.04, P2, 73, 260.28, 20886, 3239, 96
2026/09/15 20:42:02.810, 0, NVIDIA GeForce RTX 3090, 580.178.04, P2, 73, 258.96, 20886, 3239, 96
2026/09/15 20:42:03.060, 0, NVIDIA GeForce RTX 3090, 580.178.04, P2, 73, 258.96, 20886, 3239, 96
2026/09/15 20:42:03.311, 0, NVIDIA GeForce RTX 3090, 580.178.04, P2, 74, 260.49, 20886, 3239, 92
2026/09/15 20:42:03.561, 0, NVIDIA GeForce RTX 3090, 580.178.04, P2, 74, 260.49, 20886, 3239, 92
2026/09/15 20:42:03.811, 0, NVIDIA GeForce RTX 3090, 580.178.04, P2, 74, 266.28, 20886, 3239, 92
2026/09/15 20:42:04.061, 0, NVIDIA GeForce RTX 3090, 580.178.04, P2, 74, 266.28, 20886, 3239, 92
2026/09/15 20:42:04.312, 0, NVIDIA GeForce RTX 3090, 580.178.04, P2, 74, 273.22, 20886, 3239, 91
2026/09/15 20:42:04.562, 0, NVIDIA GeForce RTX 3090, 580.178.04, P2, 74, 273.22, 20886, 3239, 91
2026/09/15 20:42:04.812, 0, NVIDIA GeForce RTX 3090, 580.178.04, P2, 74, 277.52, 20886, 3239, 91
2026/09/15 20:42:05.062, 0, NVIDIA GeForce RTX 3090, 580.178.04, P2, 74, 277.52, 20886, 3239, 91
2026/09/15 20:42:05.313, 0, NVIDIA GeForce RTX 3090, 580.178.04, P2, 74, 273.85, 20886, 3239, 90
2026/09/15 20:42:05.563, 0, NVIDIA GeForce RTX 3090, 580.178.04, P2, 74, 273.85, 20886, 3239, 90
2026/09/15 20:42:05.813, 0, NVIDIA GeForce RTX 3090, 580.178.04, P2, 74, 273.12, 20886, 3239, 90
2026/09/15 20:42:06.064, 0, NVIDIA GeForce RTX 3090, 580.178.04, P2, 74, 273.12, 20886, 3239, 90
2026/09/15 20:42:06.314, 0, NVIDIA GeForce RTX 3090, 580.178.04, P2, 74, 271.04, 20886, 3239, 90
2026/09/15 20:42:06.564, 0, NVIDIA GeForce RTX 3090, 580.178.04, P2, 74, 271.04, 20886, 3239, 90
2026/09/15 20:42:06.815, 0, NVIDIA GeForce RTX 3090, 580.178.04, P2, 74, 265.96, 20886, 3239, 90
2026/09/15 20:42:07.065, 0, NVIDIA GeForce RTX 3090, 580.178.04, P2, 74, 265.96, 20886, 3239, 90
2026/09/15 20:42:07.315, 0, NVIDIA GeForce RTX 3090, 580.178.04, P2, 74, 267.86, 20886, 3239, 91
2026/09/15 20:42:07.566, 0, NVIDIA GeForce RTX 3090, 580.178.04, P2, 74, 267.86, 20886, 3239, 91
2026/09/15 20:42:07.816, 0, NVIDIA GeForce RTX 3090, 580.178.04, P2, 74, 269.82, 20886, 3239, 91
2026/09/15 20:42:08.066, 0, NVIDIA GeForce RTX 3090, 580.178.04, P2, 74, 269.82, 20886, 3239, 91
2026/09/15 20:42:08.317, 0, NVIDIA GeForce RTX 3090, 580.178.04, P2, 74, 267.59, 20886, 3239, 90
2026/09/15 20:42:08.567, 0, NVIDIA GeForce RTX 3090, 580.178.04, P2, 74, 267.59, 20886, 3239, 90
2026/09/15 20:42:08.817, 0, NVIDIA GeForce RTX 3090, 580.178.04, P2, 74, 267.15, 20886, 3239, 90
2026/09/15 20:42:09.068, 0, NVIDIA GeForce RTX 3090, 580.178.04, P2, 74, 267.15, 20886, 3239, 90
2026/09/15 20:42:09.318, 0, NVIDIA GeForce RTX 3090, 580.178.04, P2, 74, 270.60, 20886, 3239, 81
2026/09/15 20:42:09.569, 0, NVIDIA GeForce RTX 3090, 580.178.04, P2, 74, 270.60, 20886, 3239, 81
2026/09/15 20:42:09.819, 0, NVIDIA GeForce RTX 3090, 580.178.04, P2, 74, 258.61, 20886, 3239, 81
2026/09/15 20:42:10.070, 0, NVIDIA GeForce RTX 3090, 580.178.04, P2, 74, 258.61, 20886, 3239, 81
2026/09/15 20:42:10.320, 0, NVIDIA GeForce RTX 3090, 580.178.04, P2, 74, 255.05, 20886, 3239, 95
2026/09/15 20:42:10.570, 0, NVIDIA GeForce RTX 3090, 580.178.04, P2, 74, 255.05, 20886, 3239, 95
2026/09/15 20:42:10.821, 0, NVIDIA GeForce RTX 3090, 580.178.04, P2, 74, 259.10, 20886, 3239, 95
2026/09/15 20:42:11.071, 0, NVIDIA GeForce RTX 3090, 580.178.04, P2, 74, 259.10, 20886, 3239, 95
2026/09/15 20:42:11.322, 0, NVIDIA GeForce RTX 3090, 580.178.04, P2, 74, 256.58, 20886, 3239, 96
2026/09/15 20:42:11.572, 0, NVIDIA GeForce RTX 3090, 580.178.04, P2, 74, 256.58, 20886, 3239, 96
2026/09/15 20:42:11.822, 0, NVIDIA GeForce RTX 3090, 580.178.04, P2, 74, 259.44, 20886, 3239, 96
2026/09/15 20:42:12.073, 0, NVIDIA GeForce RTX 3090, 580.178.04, P2, 74, 259.44, 20886, 3239, 96
2026/09/15 20:42:12.323, 0, NVIDIA GeForce RTX 3090, 580.178.04, P2, 74, 258.45, 20886, 3239, 95
2026/09/15 20:42:12.574, 0, NVIDIA GeForce RTX 3090, 580.178.04, P2, 74, 258.45, 20886, 3239, 95
2026/09/15 20:42:12.824, 0, NVIDIA GeForce RTX 3090, 580.178.04, P2, 74, 250.92, 20886, 3239, 95
2026/09/15 20:42:13.074, 0, NVIDIA GeForce RTX 3090, 580.178.04, P2, 74, 250.92, 20886, 3239, 95
2026/09/15 20:42:13.325, 0, NVIDIA GeForce RTX 3090, 580.178.04, P2, 74, 250.14, 20886, 3239, 86
2026/09/15 20:42:13.575, 0, NVIDIA GeForce RTX 3090, 580.178.04, P2, 74, 250.14, 20886, 3239, 86
2026/09/15 20:42:13.825, 0, NVIDIA GeForce RTX 3090, 580.178.04, P2, 75, 257.00, 20886, 3239, 86
2026/09/15 20:42:14.075, 0, NVIDIA GeForce RTX 3090, 580.178.04, P2, 75, 257.00, 20886, 3239, 86
2026/09/15 20:42:14.326, 0, NVIDIA GeForce RTX 3090, 580.178.04, P2, 75, 269.35, 20886, 3239, 88
2026/09/15 20:42:14.576, 0, NVIDIA GeForce RTX 3090, 580.178.04, P2, 75, 269.35, 20886, 3239, 88
2026/09/15 20:42:14.826, 0, NVIDIA GeForce RTX 3090, 580.178.04, P2, 75, 275.70, 20886, 3239, 88
2026/09/15 20:42:15.076, 0, NVIDIA GeForce RTX 3090, 580.178.04, P2, 75, 275.70, 20886, 3239, 88
2026/09/15 20:42:15.327, 0, NVIDIA GeForce RTX 3090, 580.178.04, P2, 75, 276.73, 20886, 3239, 91
2026/09/15 20:42:15.577, 0, NVIDIA GeForce RTX 3090, 580.178.04, P2, 75, 276.73, 20886, 3239, 91
2026/09/15 20:42:15.827, 0, NVIDIA GeForce RTX 3090, 580.178.04, P2, 75, 276.67, 20886, 3239, 91
2026/09/15 20:42:16.078, 0, NVIDIA GeForce RTX 3090, 580.178.04, P2, 75, 276.67, 20886, 3239, 91
2026/09/15 20:42:16.328, 0, NVIDIA GeForce RTX 3090, 580.178.04, P2, 75, 274.43, 20886, 3239, 87
2026/09/15 20:42:16.578, 0, NVIDIA GeForce RTX 3090, 580.178.04, P2, 75, 274.43, 20886, 3239, 87
2026/09/15 20:42:16.829, 0, NVIDIA GeForce RTX 3090, 580.178.04, P2, 75, 272.36, 20886, 3239, 87
2026/09/15 20:42:17.079, 0, NVIDIA GeForce RTX 3090, 580.178.04, P2, 75, 272.36, 20886, 3239, 87
2026/09/15 20:42:17.329, 0, NVIDIA GeForce RTX 3090, 580.178.04, P2, 75, 275.87, 20886, 3239, 91
2026/09/15 20:42:17.579, 0, NVIDIA GeForce RTX 3090, 580.178.04, P2, 75, 275.87, 20886, 3239, 91
2026/09/15 20:42:17.830, 0, NVIDIA GeForce RTX 3090, 580.178.04, P2, 76, 277.93, 20886, 3239, 91
2026/09/15 20:42:18.080, 0, NVIDIA GeForce RTX 3090, 580.178.04, P2, 76, 277.93, 20886, 3239, 91
2026/09/15 20:42:18.330, 0, NVIDIA GeForce RTX 3090, 580.178.04, P2, 75, 275.82, 20886, 3239, 89
2026/09/15 20:42:18.581, 0, NVIDIA GeForce RTX 3090, 580.178.04, P2, 75, 275.82, 20886, 3239, 89
2026/09/15 20:42:18.831, 0, NVIDIA GeForce RTX 3090, 580.178.04, P2, 75, 267.68, 20886, 3239, 89
2026/09/15 20:42:19.082, 0, NVIDIA GeForce RTX 3090, 580.178.04, P2, 75, 267.68, 20886, 3239, 89
2026/09/15 20:42:19.332, 0, NVIDIA GeForce RTX 3090, 580.178.04, P2, 75, 264.72, 20886, 3239, 89
2026/09/15 20:42:19.582, 0, NVIDIA GeForce RTX 3090, 580.178.04, P2, 75, 264.72, 20886, 3239, 89
2026/09/15 20:42:19.832, 0, NVIDIA GeForce RTX 3090, 580.178.04, P2, 74, 258.75, 20886, 3239, 89
2026/09/15 20:42:20.083, 0, NVIDIA GeForce RTX 3090, 580.178.04, P2, 74, 258.75, 20886, 3239, 89
2026/09/15 20:42:20.333, 0, NVIDIA GeForce RTX 3090, 580.178.04, P2, 74, 256.79, 20886, 3239, 96
2026/09/15 20:42:20.583, 0, NVIDIA GeForce RTX 3090, 580.178.04, P2, 74, 256.79, 20886, 3239, 96
2026/09/15 20:42:20.834, 0, NVIDIA GeForce RTX 3090, 580.178.04, P2, 74, 263.76, 20886, 3239, 96
2026/09/15 20:42:21.084, 0, NVIDIA GeForce RTX 3090, 580.178.04, P2, 74, 263.76, 20886, 3239, 96
2026/09/15 20:42:21.334, 0, NVIDIA GeForce RTX 3090, 580.178.04, P2, 74, 260.83, 20886, 3239, 95
2026/09/15 20:42:21.585, 0, NVIDIA GeForce RTX 3090, 580.178.04, P2, 74, 260.83, 20886, 3239, 95
2026/09/15 20:42:21.835, 0, NVIDIA GeForce RTX 3090, 580.178.04, P2, 75, 263.23, 20886, 3239, 95
2026/09/15 20:42:22.086, 0, NVIDIA GeForce RTX 3090, 580.178.04, P2, 75, 263.23, 20886, 3239, 95
2026/09/15 20:42:22.336, 0, NVIDIA GeForce RTX 3090, 580.178.04, P2, 74, 264.17, 20886, 3239, 96
2026/09/15 20:42:22.587, 0, NVIDIA GeForce RTX 3090, 580.178.04, P2, 74, 264.17, 20886, 3239, 96
2026/09/15 20:42:22.837, 0, NVIDIA GeForce RTX 3090, 580.178.04, P2, 75, 257.72, 20886, 3239, 96
2026/09/15 20:42:23.087, 0, NVIDIA GeForce RTX 3090, 580.178.04, P2, 75, 257.72, 20886, 3239, 96
2026/09/15 20:42:23.338, 0, NVIDIA GeForce RTX 3090, 580.178.04, P2, 75, 256.40, 20886, 3239, 86
2026/09/15 20:42:23.588, 0, NVIDIA GeForce RTX 3090, 580.178.04, P2, 75, 256.40, 20886, 3239, 86
2026/09/15 20:42:23.838, 0, NVIDIA GeForce RTX 3090, 580.178.04, P2, 75, 263.37, 20886, 3239, 86
2026/09/15 20:42:24.088, 0, NVIDIA GeForce RTX 3090, 580.178.04, P2, 75, 263.37, 20886, 3239, 86
2026/09/15 20:42:24.339, 0, NVIDIA GeForce RTX 3090, 580.178.04, P2, 76, 272.33, 20886, 3239, 87
2026/09/15 20:42:24.589, 0, NVIDIA GeForce RTX 3090, 580.178.04, P2, 76, 272.33, 20886, 3239, 87
2026/09/15 20:42:24.839, 0, NVIDIA GeForce RTX 3090, 580.178.04, P2, 76, 278.17, 20886, 3239, 87
2026/09/15 20:42:25.090, 0, NVIDIA GeForce RTX 3090, 580.178.04, P2, 76, 278.17, 20886, 3239, 87
2026/09/15 20:42:25.340, 0, NVIDIA GeForce RTX 3090, 580.178.04, P2, 76, 278.79, 20886, 3239, 90
2026/09/15 20:42:25.591, 0, NVIDIA GeForce RTX 3090, 580.178.04, P2, 76, 278.79, 20886, 3239, 90
2026/09/15 20:42:25.841, 0, NVIDIA GeForce RTX 3090, 580.178.04, P2, 75, 273.71, 20886, 3239, 90
2026/09/15 20:42:26.091, 0, NVIDIA GeForce RTX 3090, 580.178.04, P2, 75, 273.71, 20886, 3239, 90
2026/09/15 20:42:26.342, 0, NVIDIA GeForce RTX 3090, 580.178.04, P2, 75, 270.78, 20886, 3239, 90
2026/09/15 20:42:26.592, 0, NVIDIA GeForce RTX 3090, 580.178.04, P2, 75, 270.78, 20886, 3239, 90
2026/09/15 20:42:26.842, 0, NVIDIA GeForce RTX 3090, 580.178.04, P2, 76, 272.58, 20886, 3239, 90
2026/09/15 20:42:27.093, 0, NVIDIA GeForce RTX 3090, 580.178.04, P2, 76, 272.58, 20886, 3239, 90
2026/09/15 20:42:27.343, 0, NVIDIA GeForce RTX 3090, 580.178.04, P2, 76, 272.77, 20886, 3239, 91
2026/09/15 20:42:27.594, 0, NVIDIA GeForce RTX 3090, 580.178.04, P2, 76, 272.77, 20886, 3239, 91
2026/09/15 20:42:27.844, 0, NVIDIA GeForce RTX 3090, 580.178.04, P2, 76, 272.92, 20886, 3239, 91
2026/09/15 20:42:28.094, 0, NVIDIA GeForce RTX 3090, 580.178.04, P2, 76, 272.92, 20886, 3239, 91
2026/09/15 20:42:28.345, 0, NVIDIA GeForce RTX 3090, 580.178.04, P2, 76, 271.46, 20886, 3239, 87
2026/09/15 20:42:28.595, 0, NVIDIA GeForce RTX 3090, 580.178.04, P2, 76, 271.46, 20886, 3239, 87
2026/09/15 20:42:28.845, 0, NVIDIA GeForce RTX 3090, 580.178.04, P2, 75, 264.44, 20886, 3239, 87
2026/09/15 20:42:29.096, 0, NVIDIA GeForce RTX 3090, 580.178.04, P2, 75, 264.44, 20886, 3239, 87
2026/09/15 20:42:29.346, 0, NVIDIA GeForce RTX 3090, 580.178.04, P2, 76, 264.27, 20886, 3239, 89
2026/09/15 20:42:29.596, 0, NVIDIA GeForce RTX 3090, 580.178.04, P2, 76, 264.27, 20886, 3239, 89
2026/09/15 20:42:29.847, 0, NVIDIA GeForce RTX 3090, 580.178.04, P2, 75, 259.01, 20886, 3239, 89
2026/09/15 20:42:30.097, 0, NVIDIA GeForce RTX 3090, 580.178.04, P2, 75, 259.01, 20886, 3239, 89
2026/09/15 20:42:30.347, 0, NVIDIA GeForce RTX 3090, 580.178.04, P2, 75, 257.35, 20886, 3239, 96
2026/09/15 20:42:30.598, 0, NVIDIA GeForce RTX 3090, 580.178.04, P2, 75, 257.35, 20886, 3239, 96
2026/09/15 20:42:30.848, 0, NVIDIA GeForce RTX 3090, 580.178.04, P2, 75, 263.13, 20886, 3239, 96
2026/09/15 20:42:31.099, 0, NVIDIA GeForce RTX 3090, 580.178.04, P2, 75, 263.13, 20886, 3239, 96
2026/09/15 20:42:31.349, 0, NVIDIA GeForce RTX 3090, 580.178.04, P2, 75, 261.89, 20886, 3239, 96
2026/09/15 20:42:31.600, 0, NVIDIA GeForce RTX 3090, 580.178.04, P2, 75, 261.89, 20886, 3239, 96
2026/09/15 20:42:31.850, 0, NVIDIA GeForce RTX 3090, 580.178.04, P2, 75, 261.39, 20886, 3239, 96
2026/09/15 20:42:32.100, 0, NVIDIA GeForce RTX 3090, 580.178.04, P2, 75, 261.39, 20886, 3239, 96
2026/09/15 20:42:32.351, 0, NVIDIA GeForce RTX 3090, 580.178.04, P2, 75, 262.24, 20886, 3239, 96
2026/09/15 20:42:32.601, 0, NVIDIA GeForce RTX 3090, 580.178.04, P2, 75, 262.24, 20886, 3239, 96
2026/09/15 20:42:32.852, 0, NVIDIA GeForce RTX 3090, 580.178.04, P2, 75, 258.90, 20886, 3239, 96
2026/09/15 20:42:33.102, 0, NVIDIA GeForce RTX 3090, 580.178.04, P2, 75, 258.90, 20886, 3239, 96
2026/09/15 20:42:33.352, 0, NVIDIA GeForce RTX 3090, 580.178.04, P2, 76, 259.29, 20886, 3239, 92
2026/09/15 20:42:33.603, 0, NVIDIA GeForce RTX 3090, 580.178.04, P2, 76, 259.29, 20886, 3239, 92
2026/09/15 20:42:33.853, 0, NVIDIA GeForce RTX 3090, 580.178.04, P2, 76, 267.82, 20886, 3239, 92
2026/09/15 20:42:34.103, 0, NVIDIA GeForce RTX 3090, 580.178.04, P2, 76, 267.82, 20886, 3239, 92
2026/09/15 20:42:34.354, 0, NVIDIA GeForce RTX 3090, 580.178.04, P2, 76, 273.51, 20886, 3239, 88
2026/09/15 20:42:34.604, 0, NVIDIA GeForce RTX 3090, 580.178.04, P2, 76, 273.51, 20886, 3239, 88
2026/09/15 20:42:34.855, 0, NVIDIA GeForce RTX 3090, 580.178.04, P2, 76, 273.68, 20886, 3239, 88
2026/09/15 20:42:35.105, 0, NVIDIA GeForce RTX 3090, 580.178.04, P2, 76, 273.68, 20886, 3239, 88
2026/09/15 20:42:35.355, 0, NVIDIA GeForce RTX 3090, 580.178.04, P2, 76, 272.13, 20886, 3239, 88
2026/09/15 20:42:35.605, 0, NVIDIA GeForce RTX 3090, 580.178.04, P2, 76, 272.13, 20886, 3239, 88
2026/09/15 20:42:35.856, 0, NVIDIA GeForce RTX 3090, 580.178.04, P2, 76, 271.43, 20886, 3239, 88
2026/09/15 20:42:36.106, 0, NVIDIA GeForce RTX 3090, 580.178.04, P2, 76, 271.43, 20886, 3239, 88
2026/09/15 20:42:36.356, 0, NVIDIA GeForce RTX 3090, 580.178.04, P2, 76, 264.93, 20886, 3239, 87
2026/09/15 20:42:36.606, 0, NVIDIA GeForce RTX 3090, 580.178.04, P2, 76, 264.93, 20886, 3239, 87
2026/09/15 20:42:36.857, 0, NVIDIA GeForce RTX 3090, 580.178.04, P2, 76, 266.42, 20886, 3239, 87
2026/09/15 20:42:37.107, 0, NVIDIA GeForce RTX 3090, 580.178.04, P2, 76, 266.42, 20886, 3239, 87
2026/09/15 20:42:37.357, 0, NVIDIA GeForce RTX 3090, 580.178.04, P2, 76, 273.32, 20886, 3239, 90
2026/09/15 20:42:37.607, 0, NVIDIA GeForce RTX 3090, 580.178.04, P2, 76, 273.32, 20886, 3239, 90
2026/09/15 20:42:37.858, 0, NVIDIA GeForce RTX 3090, 580.178.04, P2, 76, 273.82, 20886, 3239, 90
2026/09/15 20:42:38.108, 0, NVIDIA GeForce RTX 3090, 580.178.04, P2, 76, 273.82, 20886, 3239, 90
2026/09/15 20:42:38.358, 0, NVIDIA GeForce RTX 3090, 580.178.04, P2, 76, 270.53, 20886, 3239, 90
2026/09/15 20:42:38.608, 0, NVIDIA GeForce RTX 3090, 580.178.04, P2, 76, 270.53, 20886, 3239, 90
2026/09/15 20:42:38.859, 0, NVIDIA GeForce RTX 3090, 580.178.04, P2, 76, 269.54, 20886, 3239, 90
2026/09/15 20:42:39.109, 0, NVIDIA GeForce RTX 3090, 580.178.04, P2, 76, 269.54, 20886, 3239, 90
2026/09/15 20:42:39.360, 0, NVIDIA GeForce RTX 3090, 580.178.04, P2, 76, 271.45, 20886, 3239, 87
2026/09/15 20:42:39.610, 0, NVIDIA GeForce RTX 3090, 580.178.04, P2, 76, 271.45, 20886, 3239, 87
2026/09/15 20:42:39.860, 0, NVIDIA GeForce RTX 3090, 580.178.04, P2, 72, 240.57, 20886, 3239, 87
2026/09/15 20:42:40.110, 0, NVIDIA GeForce RTX 3090, 580.178.04, P2, 72, 240.57, 20886, 3239, 87
2026/09/15 20:42:40.361, 0, NVIDIA GeForce RTX 3090, 580.178.04, P2, 74, 198.12, 20886, 3239, 95
2026/09/15 20:42:40.611, 0, NVIDIA GeForce RTX 3090, 580.178.04, P2, 74, 198.12, 20886, 3239, 95
2026/09/15 20:42:40.861, 0, NVIDIA GeForce RTX 3090, 580.178.04, P2, 75, 219.47, 20886, 3239, 95
2026/09/15 20:42:41.111, 0, NVIDIA GeForce RTX 3090, 580.178.04, P2, 75, 219.47, 20886, 3239, 95
2026/09/15 20:42:41.362, 0, NVIDIA GeForce RTX 3090, 580.178.04, P2, 75, 261.05, 20886, 3239, 97
2026/09/15 20:42:41.612, 0, NVIDIA GeForce RTX 3090, 580.178.04, P2, 75, 261.05, 20886, 3239, 97
2026/09/15 20:42:41.862, 0, NVIDIA GeForce RTX 3090, 580.178.04, P2, 72, 241.47, 20886, 3239, 97
2026/09/15 20:42:42.113, 0, NVIDIA GeForce RTX 3090, 580.178.04, P2, 72, 241.47, 20886, 3239, 97
2026/09/15 20:42:42.363, 0, NVIDIA GeForce RTX 3090, 580.178.04, P2, 73, 199.63, 20886, 3239, 70
2026/09/15 20:42:42.613, 0, NVIDIA GeForce RTX 3090, 580.178.04, P2, 73, 199.63, 20886, 3239, 70
2026/09/15 20:42:42.864, 0, NVIDIA GeForce RTX 3090, 580.178.04, P2, 75, 211.15, 20886, 3239, 70
2026/09/15 20:42:43.114, 0, NVIDIA GeForce RTX 3090, 580.178.04, P2, 75, 211.15, 20886, 3239, 70
2026/09/15 20:42:43.365, 0, NVIDIA GeForce RTX 3090, 580.178.04, P2, 75, 260.99, 20886, 3239, 96
2026/09/15 20:42:43.615, 0, NVIDIA GeForce RTX 3090, 580.178.04, P2, 75, 260.99, 20886, 3239, 96
2026/09/15 20:42:43.865, 0, NVIDIA GeForce RTX 3090, 580.178.04, P2, 75, 256.46, 20886, 3239, 96
2026/09/15 20:42:44.116, 0, NVIDIA GeForce RTX 3090, 580.178.04, P2, 75, 256.46, 20886, 3239, 96
2026/09/15 20:42:44.366, 0, NVIDIA GeForce RTX 3090, 580.178.04, P2, 76, 254.58, 20886, 3239, 89
2026/09/15 20:42:44.617, 0, NVIDIA GeForce RTX 3090, 580.178.04, P2, 76, 254.58, 20886, 3239, 89
2026/09/15 20:42:44.867, 0, NVIDIA GeForce RTX 3090, 580.178.04, P2, 76, 256.11, 20886, 3239, 89
2026/09/15 20:42:45.117, 0, NVIDIA GeForce RTX 3090, 580.178.04, P2, 76, 256.11, 20886, 3239, 89
2026/09/15 20:42:45.368, 0, NVIDIA GeForce RTX 3090, 580.178.04, P2, 76, 259.39, 20886, 3239, 90
2026/09/15 20:42:45.618, 0, NVIDIA GeForce RTX 3090, 580.178.04, P2, 76, 259.39, 20886, 3239, 90
2026/09/15 20:42:45.869, 0, NVIDIA GeForce RTX 3090, 580.178.04, P2, 76, 256.48, 20886, 3239, 90
2026/09/15 20:42:46.119, 0, NVIDIA GeForce RTX 3090, 580.178.04, P2, 76, 256.48, 20886, 3239, 90
2026/09/15 20:42:46.369, 0, NVIDIA GeForce RTX 3090, 580.178.04, P2, 76, 256.47, 20886, 3239, 89
2026/09/15 20:42:46.620, 0, NVIDIA GeForce RTX 3090, 580.178.04, P2, 76, 256.47, 20886, 3239, 89
2026/09/15 20:42:46.871, 0, NVIDIA GeForce RTX 3090, 580.178.04, P2, 76, 262.51, 20886, 3239, 89
2026/09/15 20:42:47.121, 0, NVIDIA GeForce RTX 3090, 580.178.04, P2, 76, 262.51, 20886, 3239, 89
2026/09/15 20:42:47.371, 0, NVIDIA GeForce RTX 3090, 580.178.04, P2, 76, 264.13, 20886, 3239, 90
2026/09/15 20:42:47.622, 0, NVIDIA GeForce RTX 3090, 580.178.04, P2, 76, 264.13, 20886, 3239, 90
2026/09/15 20:42:47.872, 0, NVIDIA GeForce RTX 3090, 580.178.04, P2, 76, 265.17, 20886, 3239, 90
2026/09/15 20:42:48.122, 0, NVIDIA GeForce RTX 3090, 580.178.04, P2, 76, 265.17, 20886, 3239, 90
2026/09/15 20:42:48.373, 0, NVIDIA GeForce RTX 3090, 580.178.04, P2, 76, 266.08, 20886, 3239, 87
2026/09/15 20:42:48.623, 0, NVIDIA GeForce RTX 3090, 580.178.04, P2, 76, 266.08, 20886, 3239, 87
2026/09/15 20:42:48.873, 0, NVIDIA GeForce RTX 3090, 580.178.04, P2, 76, 268.36, 20886, 3239, 87
2026/09/15 20:42:49.123, 0, NVIDIA GeForce RTX 3090, 580.178.04, P2, 76, 268.36, 20886, 3239, 87
2026/09/15 20:42:49.374, 0, NVIDIA GeForce RTX 3090, 580.178.04, P2, 76, 266.50, 20886, 3239, 89
2026/09/15 20:42:49.624, 0, NVIDIA GeForce RTX 3090, 580.178.04, P2, 76, 266.50, 20886, 3239, 89
2026/09/15 20:42:49.874, 0, NVIDIA GeForce RTX 3090, 580.178.04, P2, 76, 259.52, 20886, 3239, 89
2026/09/15 20:42:50.125, 0, NVIDIA GeForce RTX 3090, 580.178.04, P2, 76, 259.52, 20886, 3239, 89
2026/09/15 20:42:50.375, 0, NVIDIA GeForce RTX 3090, 580.178.04, P2, 76, 257.38, 20886, 3239, 89
2026/09/15 20:42:50.625, 0, NVIDIA GeForce RTX 3090, 580.178.04, P2, 76, 186.30, 20886, 3239, 89
2026/09/15 20:42:50.875, 0, NVIDIA GeForce RTX 3090, 580.178.04, P2, 75, 255.86, 20886, 3239, 89
2026/09/15 20:42:51.126, 0, NVIDIA GeForce RTX 3090, 580.178.04, P2, 75, 255.64, 20886, 3239, 95
2026/09/15 20:42:51.376, 0, NVIDIA GeForce RTX 3090, 580.178.04, P2, 76, 255.64, 20886, 3239, 95
2026/09/15 20:42:51.626, 0, NVIDIA GeForce RTX 3090, 580.178.04, P2, 76, 253.34, 20886, 3239, 95
2026/09/15 20:42:51.876, 0, NVIDIA GeForce RTX 3090, 580.178.04, P2, 76, 253.34, 20886, 3239, 95
2026/09/15 20:42:52.127, 0, NVIDIA GeForce RTX 3090, 580.178.04, P2, 75, 257.26, 20886, 3239, 89
2026/09/15 20:42:52.377, 0, NVIDIA GeForce RTX 3090, 580.178.04, P2, 75, 257.26, 20886, 3239, 89
2026/09/15 20:42:52.628, 0, NVIDIA GeForce RTX 3090, 580.178.04, P2, 76, 254.21, 20886, 3239, 89
2026/09/15 20:42:52.879, 0, NVIDIA GeForce RTX 3090, 580.178.04, P2, 76, 254.21, 20886, 3239, 89
2026/09/15 20:42:53.129, 0, NVIDIA GeForce RTX 3090, 580.178.04, P2, 76, 255.26, 20886, 3239, 95
2026/09/15 20:42:53.379, 0, NVIDIA GeForce RTX 3090, 580.178.04, P2, 76, 255.26, 20886, 3239, 95
2026/09/15 20:42:53.630, 0, NVIDIA GeForce RTX 3090, 580.178.04, P2, 75, 252.26, 20886, 3239, 95
2026/09/15 20:42:53.880, 0, NVIDIA GeForce RTX 3090, 580.178.04, P2, 75, 252.26, 20886, 3239, 95
2026/09/15 20:42:54.130, 0, NVIDIA GeForce RTX 3090, 580.178.04, P2, 76, 248.26, 20886, 3239, 91
2026/09/15 20:42:54.380, 0, NVIDIA GeForce RTX 3090, 580.178.04, P2, 76, 248.26, 20886, 3239, 91
2026/09/15 20:42:54.631, 0, NVIDIA GeForce RTX 3090, 580.178.04, P2, 76, 245.34, 20886, 3239, 91
2026/09/15 20:42:54.881, 0, NVIDIA GeForce RTX 3090, 580.178.04, P2, 76, 245.34, 20886, 3239, 91
2026/09/15 20:42:55.131, 0, NVIDIA GeForce RTX 3090, 580.178.04, P2, 76, 251.88, 20886, 3239, 89
2026/09/15 20:42:55.382, 0, NVIDIA GeForce RTX 3090, 580.178.04, P2, 76, 251.88, 20886, 3239, 89
2026/09/15 20:42:55.632, 0, NVIDIA GeForce RTX 3090, 580.178.04, P2, 76, 256.28, 20886, 3239, 89
2026/09/15 20:42:55.882, 0, NVIDIA GeForce RTX 3090, 580.178.04, P2, 76, 256.28, 20886, 3239, 89
2026/09/15 20:42:56.133, 0, NVIDIA GeForce RTX 3090, 580.178.04, P2, 76, 258.40, 20886, 3239, 91
2026/09/15 20:42:56.383, 0, NVIDIA GeForce RTX 3090, 580.178.04, P2, 76, 258.40, 20886, 3239, 91
2026/09/15 20:42:56.633, 0, NVIDIA GeForce RTX 3090, 580.178.04, P2, 77, 261.22, 20886, 3239, 91
2026/09/15 20:42:56.883, 0, NVIDIA GeForce RTX 3090, 580.178.04, P2, 77, 261.22, 20886, 3239, 91
2026/09/15 20:42:57.134, 0, NVIDIA GeForce RTX 3090, 580.178.04, P2, 76, 266.71, 20886, 3239, 87
2026/09/15 20:42:57.384, 0, NVIDIA GeForce RTX 3090, 580.178.04, P2, 76, 266.71, 20886, 3239, 87
2026/09/15 20:42:57.634, 0, NVIDIA GeForce RTX 3090, 580.178.04, P2, 77, 270.77, 20886, 3239, 87
2026/09/15 20:42:57.884, 0, NVIDIA GeForce RTX 3090, 580.178.04, P2, 77, 270.77, 20886, 3239, 87
2026/09/15 20:42:58.134, 0, NVIDIA GeForce RTX 3090, 580.178.04, P2, 76, 265.42, 20886, 3239, 91
2026/09/15 20:42:58.385, 0, NVIDIA GeForce RTX 3090, 580.178.04, P2, 76, 265.42, 20886, 3239, 91
2026/09/15 20:42:58.635, 0, NVIDIA GeForce RTX 3090, 580.178.04, P2, 76, 261.89, 20886, 3239, 91
2026/09/15 20:42:58.885, 0, NVIDIA GeForce RTX 3090, 580.178.04, P2, 76, 261.89, 20886, 3239, 91
2026/09/15 20:42:59.136, 0, NVIDIA GeForce RTX 3090, 580.178.04, P2, 77, 269.74, 20886, 3239, 87
2026/09/15 20:42:59.386, 0, NVIDIA GeForce RTX 3090, 580.178.04, P2, 77, 269.74, 20886, 3239, 87
2026/09/15 20:42:59.636, 0, NVIDIA GeForce RTX 3090, 580.178.04, P2, 76, 271.30, 20886, 3239, 87
2026/09/15 20:42:59.887, 0, NVIDIA GeForce RTX 3090, 580.178.04, P2, 76, 271.30, 20886, 3239, 87
2026/09/15 20:43:00.137, 0, NVIDIA GeForce RTX 3090, 580.178.04, P2, 77, 264.22, 20886, 3239, 91
2026/09/15 20:43:00.388, 0, NVIDIA GeForce RTX 3090, 580.178.04, P2, 77, 264.22, 20886, 3239, 91
2026/09/15 20:43:00.638, 0, NVIDIA GeForce RTX 3090, 580.178.04, P2, 77, 264.60, 20886, 3239, 91
2026/09/15 20:43:00.888, 0, NVIDIA GeForce RTX 3090, 580.178.04, P2, 77, 264.60, 20886, 3239, 91
2026/09/15 20:43:01.139, 0, NVIDIA GeForce RTX 3090, 580.178.04, P2, 76, 258.47, 20886, 3239, 96
2026/09/15 20:43:01.389, 0, NVIDIA GeForce RTX 3090, 580.178.04, P2, 76, 258.47, 20886, 3239, 96
2026/09/15 20:43:01.640, 0, NVIDIA GeForce RTX 3090, 580.178.04, P2, 76, 257.17, 20886, 3239, 96
2026/09/15 20:43:01.890, 0, NVIDIA GeForce RTX 3090, 580.178.04, P2, 76, 257.17, 20886, 3239, 96
2026/09/15 20:43:02.140, 0, NVIDIA GeForce RTX 3090, 580.178.04, P2, 76, 262.02, 20886, 3239, 96
2026/09/15 20:43:02.391, 0, NVIDIA GeForce RTX 3090, 580.178.04, P2, 76, 262.02, 20886, 3239, 96
2026/09/15 20:43:02.641, 0, NVIDIA GeForce RTX 3090, 580.178.04, P2, 76, 260.96, 20886, 3239, 96
2026/09/15 20:43:02.891, 0, NVIDIA GeForce RTX 3090, 580.178.04, P2, 76, 260.96, 20886, 3239, 96
2026/09/15 20:43:03.142, 0, NVIDIA GeForce RTX 3090, 580.178.04, P2, 76, 262.04, 20886, 3239, 95
2026/09/15 20:43:03.392, 0, NVIDIA GeForce RTX 3090, 580.178.04, P2, 76, 262.04, 20886, 3239, 95
2026/09/15 20:43:03.643, 0, NVIDIA GeForce RTX 3090, 580.178.04, P2, 76, 259.74, 20886, 3239, 95
2026/09/15 20:43:03.893, 0, NVIDIA GeForce RTX 3090, 580.178.04, P2, 76, 259.74, 20886, 3239, 95
2026/09/15 20:43:04.143, 0, NVIDIA GeForce RTX 3090, 580.178.04, P2, 76, 253.15, 20886, 3239, 93
2026/09/15 20:43:04.394, 0, NVIDIA GeForce RTX 3090, 580.178.04, P2, 76, 253.15, 20886, 3239, 93
2026/09/15 20:43:04.644, 0, NVIDIA GeForce RTX 3090, 580.178.04, P2, 76, 252.91, 20886, 3239, 93
2026/09/15 20:43:04.894, 0, NVIDIA GeForce RTX 3090, 580.178.04, P2, 76, 252.91, 20886, 3239, 93
2026/09/15 20:43:05.144, 0, NVIDIA GeForce RTX 3090, 580.178.04, P2, 77, 256.08, 20886, 3239, 91
2026/09/15 20:43:05.395, 0, NVIDIA GeForce RTX 3090, 580.178.04, P2, 77, 256.08, 20886, 3239, 91
2026/09/15 20:43:05.645, 0, NVIDIA GeForce RTX 3090, 580.178.04, P2, 77, 264.38, 20886, 3239, 91
2026/09/15 20:43:05.895, 0, NVIDIA GeForce RTX 3090, 580.178.04, P2, 77, 264.38, 20886, 3239, 91
2026/09/15 20:43:06.145, 0, NVIDIA GeForce RTX 3090, 580.178.04, P2, 77, 270.83, 20886, 3239, 91
2026/09/15 20:43:06.396, 0, NVIDIA GeForce RTX 3090, 580.178.04, P2, 77, 270.83, 20886, 3239, 91
2026/09/15 20:43:06.646, 0, NVIDIA GeForce RTX 3090, 580.178.04, P2, 77, 268.61, 20886, 3239, 91
2026/09/15 20:43:06.896, 0, NVIDIA GeForce RTX 3090, 580.178.04, P2, 77, 268.61, 20886, 3239, 91
2026/09/15 20:43:07.147, 0, NVIDIA GeForce RTX 3090, 580.178.04, P2, 77, 269.07, 20886, 3239, 89
2026/09/15 20:43:07.397, 0, NVIDIA GeForce RTX 3090, 580.178.04, P2, 77, 269.07, 20886, 3239, 89
2026/09/15 20:43:07.647, 0, NVIDIA GeForce RTX 3090, 580.178.04, P2, 77, 269.57, 20886, 3239, 89
2026/09/15 20:43:07.898, 0, NVIDIA GeForce RTX 3090, 580.178.04, P2, 77, 269.57, 20886, 3239, 89
2026/09/15 20:43:08.148, 0, NVIDIA GeForce RTX 3090, 580.178.04, P2, 77, 271.34, 20886, 3239, 88
2026/09/15 20:43:08.398, 0, NVIDIA GeForce RTX 3090, 580.178.04, P2, 77, 271.34, 20886, 3239, 88
2026/09/15 20:43:08.648, 0, NVIDIA GeForce RTX 3090, 580.178.04, P2, 77, 274.56, 20886, 3239, 88
2026/09/15 20:43:08.899, 0, NVIDIA GeForce RTX 3090, 580.178.04, P2, 77, 274.56, 20886, 3239, 88
2026/09/15 20:43:09.149, 0, NVIDIA GeForce RTX 3090, 580.178.04, P2, 77, 274.51, 20886, 3239, 88
2026/09/15 20:43:09.399, 0, NVIDIA GeForce RTX 3090, 580.178.04, P2, 77, 274.51, 20886, 3239, 88
2026/09/15 20:43:09.650, 0, NVIDIA GeForce RTX 3090, 580.178.04, P2, 77, 272.66, 20886, 3239, 88
2026/09/15 20:43:09.900, 0, NVIDIA GeForce RTX 3090, 580.178.04, P2, 77, 272.66, 20886, 3239, 88
2026/09/15 20:43:10.150, 0, NVIDIA GeForce RTX 3090, 580.178.04, P2, 77, 269.05, 20886, 3239, 85
2026/09/15 20:43:10.401, 0, NVIDIA GeForce RTX 3090, 580.178.04, P2, 77, 269.05, 20886, 3239, 85
2026/09/15 20:43:10.651, 0, NVIDIA GeForce RTX 3090, 580.178.04, P2, 76, 253.79, 20886, 3239, 85
2026/09/15 20:43:10.901, 0, NVIDIA GeForce RTX 3090, 580.178.04, P2, 76, 253.79, 20886, 3239, 85
2026/09/15 20:43:11.151, 0, NVIDIA GeForce RTX 3090, 580.178.04, P2, 76, 250.20, 20886, 3239, 96
2026/09/15 20:43:11.402, 0, NVIDIA GeForce RTX 3090, 580.178.04, P2, 76, 250.20, 20886, 3239, 96
2026/09/15 20:43:11.652, 0, NVIDIA GeForce RTX 3090, 580.178.04, P2, 77, 255.50, 20886, 3239, 96
2026/09/15 20:43:11.902, 0, NVIDIA GeForce RTX 3090, 580.178.04, P2, 77, 255.50, 20886, 3239, 96
2026/09/15 20:43:12.153, 0, NVIDIA GeForce RTX 3090, 580.178.04, P2, 76, 253.79, 20886, 3239, 76
2026/09/15 20:43:12.403, 0, NVIDIA GeForce RTX 3090, 580.178.04, P2, 76, 253.79, 20886, 3239, 76
2026/09/15 20:43:12.654, 0, NVIDIA GeForce RTX 3090, 580.178.04, P2, 77, 255.24, 20886, 3239, 76
2026/09/15 20:43:12.904, 0, NVIDIA GeForce RTX 3090, 580.178.04, P2, 77, 255.24, 20886, 3239, 76
2026/09/15 20:43:13.154, 0, NVIDIA GeForce RTX 3090, 580.178.04, P2, 76, 257.25, 20886, 3239, 96
2026/09/15 20:43:13.405, 0, NVIDIA GeForce RTX 3090, 580.178.04, P2, 76, 257.25, 20886, 3239, 96
2026/09/15 20:43:13.655, 0, NVIDIA GeForce RTX 3090, 580.178.04, P2, 76, 254.76, 20886, 3239, 96
2026/09/15 20:43:13.905, 0, NVIDIA GeForce RTX 3090, 580.178.04, P2, 76, 254.76, 20886, 3239, 96
2026/09/15 20:43:14.156, 0, NVIDIA GeForce RTX 3090, 580.178.04, P2, 76, 251.02, 20886, 3239, 95
2026/09/15 20:43:14.406, 0, NVIDIA GeForce RTX 3090, 580.178.04, P2, 76, 251.02, 20886, 3239, 95
2026/09/15 20:43:14.656, 0, NVIDIA GeForce RTX 3090, 580.178.04, P2, 77, 253.83, 20886, 3239, 95
2026/09/15 20:43:14.907, 0, NVIDIA GeForce RTX 3090, 580.178.04, P2, 77, 253.83, 20886, 3239, 95
2026/09/15 20:43:15.157, 0, NVIDIA GeForce RTX 3090, 580.178.04, P2, 77, 257.52, 20886, 3239, 91
2026/09/15 20:43:15.407, 0, NVIDIA GeForce RTX 3090, 580.178.04, P2, 77, 257.52, 20886, 3239, 91
2026/09/15 20:43:15.658, 0, NVIDIA GeForce RTX 3090, 580.178.04, P2, 77, 261.25, 20886, 3239, 91
2026/09/15 20:43:15.908, 0, NVIDIA GeForce RTX 3090, 580.178.04, P2, 77, 261.25, 20886, 3239, 91
2026/09/15 20:43:16.158, 0, NVIDIA GeForce RTX 3090, 580.178.04, P2, 77, 263.81, 20886, 3239, 90
2026/09/15 20:43:16.408, 0, NVIDIA GeForce RTX 3090, 580.178.04, P2, 77, 263.81, 20886, 3239, 90
2026/09/15 20:43:16.659, 0, NVIDIA GeForce RTX 3090, 580.178.04, P2, 77, 264.26, 20886, 3239, 90
2026/09/15 20:43:16.909, 0, NVIDIA GeForce RTX 3090, 580.178.04, P2, 77, 264.26, 20886, 3239, 90
2026/09/15 20:43:17.159, 0, NVIDIA GeForce RTX 3090, 580.178.04, P2, 77, 269.35, 20886, 3239, 93
2026/09/15 20:43:17.410, 0, NVIDIA GeForce RTX 3090, 580.178.04, P2, 77, 269.35, 20886, 3239, 93
2026/09/15 20:43:17.660, 0, NVIDIA GeForce RTX 3090, 580.178.04, P2, 77, 270.64, 20886, 3239, 93
2026/09/15 20:43:17.910, 0, NVIDIA GeForce RTX 3090, 580.178.04, P2, 77, 270.64, 20886, 3239, 93
2026/09/15 20:43:18.160, 0, NVIDIA GeForce RTX 3090, 580.178.04, P2, 77, 265.66, 20886, 3239, 90
2026/09/15 20:43:18.411, 0, NVIDIA GeForce RTX 3090, 580.178.04, P2, 77, 265.66, 20886, 3239, 90
2026/09/15 20:43:18.661, 0, NVIDIA GeForce RTX 3090, 580.178.04, P2, 77, 269.50, 20886, 3239, 90
2026/09/15 20:43:18.911, 0, NVIDIA GeForce RTX 3090, 580.178.04, P2, 77, 269.50, 20886, 3239, 90
2026/09/15 20:43:19.162, 0, NVIDIA GeForce RTX 3090, 580.178.04, P2, 77, 269.97, 20886, 3239, 88
2026/09/15 20:43:19.412, 0, NVIDIA GeForce RTX 3090, 580.178.04, P2, 77, 269.97, 20886, 3239, 88
2026/09/15 20:43:19.662, 0, NVIDIA GeForce RTX 3090, 580.178.04, P2, 78, 268.39, 20886, 3239, 88
2026/09/15 20:43:19.912, 0, NVIDIA GeForce RTX 3090, 580.178.04, P2, 78, 268.39, 20886, 3239, 88
2026/09/15 20:43:20.163, 0, NVIDIA GeForce RTX 3090, 580.178.04, P2, 78, 272.68, 20886, 3239, 90
2026/09/15 20:43:20.413, 0, NVIDIA GeForce RTX 3090, 580.178.04, P2, 78, 272.68, 20886, 3239, 90
2026/09/15 20:43:20.663, 0, NVIDIA GeForce RTX 3090, 580.178.04, P2, 75, 263.55, 20886, 3239, 90
2026/09/15 20:43:20.913, 0, NVIDIA GeForce RTX 3090, 580.178.04, P2, 75, 263.55, 20886, 3239, 90
2026/09/15 20:43:21.164, 0, NVIDIA GeForce RTX 3090, 580.178.04, P2, 73, 208.44, 20886, 3239, 0
2026/09/15 20:43:21.414, 0, NVIDIA GeForce RTX 3090, 580.178.04, P2, 73, 208.44, 20886, 3239, 0
2026/09/15 20:43:21.664, 0, NVIDIA GeForce RTX 3090, 580.178.04, P2, 76, 192.40, 20886, 3239, 0
2026/09/15 20:43:21.914, 0, NVIDIA GeForce RTX 3090, 580.178.04, P2, 76, 192.40, 20886, 3239, 0
2026/09/15 20:43:22.165, 0, NVIDIA GeForce RTX 3090, 580.178.04, P2, 77, 248.30, 20886, 3239, 95
2026/09/15 20:43:22.415, 0, NVIDIA GeForce RTX 3090, 580.178.04, P2, 77, 248.30, 20886, 3239, 95
2026/09/15 20:43:22.666, 0, NVIDIA GeForce RTX 3090, 580.178.04, P2, 76, 262.46, 20886, 3239, 95
2026/09/15 20:43:22.916, 0, NVIDIA GeForce RTX 3090, 580.178.04, P2, 76, 262.46, 20886, 3239, 95
2026/09/15 20:43:23.166, 0, NVIDIA GeForce RTX 3090, 580.178.04, P2, 73, 216.42, 20886, 3239, 0
2026/09/15 20:43:23.417, 0, NVIDIA GeForce RTX 3090, 580.178.04, P2, 73, 216.42, 20886, 3239, 0
2026/09/15 20:43:23.667, 0, NVIDIA GeForce RTX 3090, 580.178.04, P2, 77, 218.41, 20886, 3239, 0
2026/09/15 20:43:23.917, 0, NVIDIA GeForce RTX 3090, 580.178.04, P2, 77, 218.41, 20886, 3239, 0
2026/09/15 20:43:24.168, 0, NVIDIA GeForce RTX 3090, 580.178.04, P2, 77, 267.05, 20886, 3239, 95
2026/09/15 20:43:24.418, 0, NVIDIA GeForce RTX 3090, 580.178.04, P2, 77, 267.05, 20886, 3239, 95
2026/09/15 20:43:24.668, 0, NVIDIA GeForce RTX 3090, 580.178.04, P2, 77, 268.83, 20886, 3239, 95
2026/09/15 20:43:24.918, 0, NVIDIA GeForce RTX 3090, 580.178.04, P2, 77, 268.83, 20886, 3239, 95
2026/09/15 20:43:25.169, 0, NVIDIA GeForce RTX 3090, 580.178.04, P2, 78, 271.65, 20886, 3239, 89
2026/09/15 20:43:25.419, 0, NVIDIA GeForce RTX 3090, 580.178.04, P2, 78, 271.65, 20886, 3239, 89
2026/09/15 20:43:25.669, 0, NVIDIA GeForce RTX 3090, 580.178.04, P2, 78, 273.99, 20886, 3239, 89
2026/09/15 20:43:25.920, 0, NVIDIA GeForce RTX 3090, 580.178.04, P2, 78, 273.99, 20886, 3239, 89
2026/09/15 20:43:26.170, 0, NVIDIA GeForce RTX 3090, 580.178.04, P2, 78, 273.52, 20886, 3239, 89
2026/09/15 20:43:26.420, 0, NVIDIA GeForce RTX 3090, 580.178.04, P2, 78, 273.52, 20886, 3239, 89
2026/09/15 20:43:26.671, 0, NVIDIA GeForce RTX 3090, 580.178.04, P2, 78, 275.10, 20886, 3239, 89
2026/09/15 20:43:26.921, 0, NVIDIA GeForce RTX 3090, 580.178.04, P2, 78, 275.10, 20886, 3239, 89
2026/09/15 20:43:27.171, 0, NVIDIA GeForce RTX 3090, 580.178.04, P2, 77, 274.42, 20886, 3239, 89
2026/09/15 20:43:27.421, 0, NVIDIA GeForce RTX 3090, 580.178.04, P2, 77, 274.42, 20886, 3239, 89
2026/09/15 20:43:27.672, 0, NVIDIA GeForce RTX 3090, 580.178.04, P2, 77, 267.90, 20886, 3239, 89
2026/09/15 20:43:27.922, 0, NVIDIA GeForce RTX 3090, 580.178.04, P2, 77, 267.90, 20886, 3239, 89
2026/09/15 20:43:28.172, 0, NVIDIA GeForce RTX 3090, 580.178.04, P2, 77, 263.86, 20886, 3239, 92
2026/09/15 20:43:28.423, 0, NVIDIA GeForce RTX 3090, 580.178.04, P2, 77, 263.86, 20886, 3239, 92
2026/09/15 20:43:28.673, 0, NVIDIA GeForce RTX 3090, 580.178.04, P2, 78, 267.94, 20886, 3239, 92
2026/09/15 20:43:28.923, 0, NVIDIA GeForce RTX 3090, 580.178.04, P2, 78, 267.94, 20886, 3239, 92
2026/09/15 20:43:29.174, 0, NVIDIA GeForce RTX 3090, 580.178.04, P2, 77, 272.00, 20886, 3239, 88
2026/09/15 20:43:29.424, 0, NVIDIA GeForce RTX 3090, 580.178.04, P2, 77, 272.00, 20886, 3239, 88
2026/09/15 20:43:29.674, 0, NVIDIA GeForce RTX 3090, 580.178.04, P2, 78, 267.74, 20886, 3239, 88
2026/09/15 20:43:29.925, 0, NVIDIA GeForce RTX 3090, 580.178.04, P2, 78, 267.74, 20886, 3239, 88
2026/09/15 20:43:30.175, 0, NVIDIA GeForce RTX 3090, 580.178.04, P2, 78, 264.09, 20886, 3239, 89
2026/09/15 20:43:30.425, 0, NVIDIA GeForce RTX 3090, 580.178.04, P2, 78, 264.09, 20886, 3239, 89
2026/09/15 20:43:30.675, 0, NVIDIA GeForce RTX 3090, 580.178.04, P2, 78, 271.03, 20886, 3239, 89
2026/09/15 20:43:30.926, 0, NVIDIA GeForce RTX 3090, 580.178.04, P2, 78, 271.03, 20886, 3239, 89
2026/09/15 20:43:31.176, 0, NVIDIA GeForce RTX 3090, 580.178.04, P2, 77, 264.85, 20886, 3239, 70
2026/09/15 20:43:31.426, 0, NVIDIA GeForce RTX 3090, 580.178.04, P2, 77, 264.85, 20886, 3239, 70
2026/09/15 20:43:31.677, 0, NVIDIA GeForce RTX 3090, 580.178.04, P2, 77, 258.81, 20886, 3239, 70
2026/09/15 20:43:31.927, 0, NVIDIA GeForce RTX 3090, 580.178.04, P2, 77, 258.81, 20886, 3239, 70
2026/09/15 20:43:32.178, 0, NVIDIA GeForce RTX 3090, 580.178.04, P2, 76, 262.57, 20886, 3239, 96
2026/09/15 20:43:32.428, 0, NVIDIA GeForce RTX 3090, 580.178.04, P2, 76, 262.57, 20886, 3239, 96
2026/09/15 20:43:32.678, 0, NVIDIA GeForce RTX 3090, 580.178.04, P2, 77, 257.72, 20886, 3239, 96
2026/09/15 20:43:32.929, 0, NVIDIA GeForce RTX 3090, 580.178.04, P2, 77, 257.72, 20886, 3239, 96
2026/09/15 20:43:33.179, 0, NVIDIA GeForce RTX 3090, 580.178.04, P2, 78, 260.54, 20886, 3239, 96
2026/09/15 20:43:33.429, 0, NVIDIA GeForce RTX 3090, 580.178.04, P2, 78, 260.54, 20886, 3239, 96
2026/09/15 20:43:33.679, 0, NVIDIA GeForce RTX 3090, 580.178.04, P2, 77, 267.09, 20886, 3239, 96
2026/09/15 20:43:33.930, 0, NVIDIA GeForce RTX 3090, 580.178.04, P2, 77, 267.09, 20886, 3239, 96
2026/09/15 20:43:34.180, 0, NVIDIA GeForce RTX 3090, 580.178.04, P2, 78, 265.87, 20886, 3239, 88
2026/09/15 20:43:34.431, 0, NVIDIA GeForce RTX 3090, 580.178.04, P2, 78, 265.87, 20886, 3239, 88
2026/09/15 20:43:34.681, 0, NVIDIA GeForce RTX 3090, 580.178.04, P2, 78, 271.23, 20886, 3239, 88
2026/09/15 20:43:34.931, 0, NVIDIA GeForce RTX 3090, 580.178.04, P2, 78, 271.23, 20886, 3239, 88
2026/09/15 20:43:35.182, 0, NVIDIA GeForce RTX 3090, 580.178.04, P2, 78, 271.12, 20886, 3239, 93
2026/09/15 20:43:35.432, 0, NVIDIA GeForce RTX 3090, 580.178.04, P2, 78, 271.12, 20886, 3239, 93
2026/09/15 20:43:35.682, 0, NVIDIA GeForce RTX 3090, 580.178.04, P2, 78, 264.09, 20886, 3239, 93
2026/09/15 20:43:35.932, 0, NVIDIA GeForce RTX 3090, 580.178.04, P2, 78, 264.09, 20886, 3239, 93
2026/09/15 20:43:36.183, 0, NVIDIA GeForce RTX 3090, 580.178.04, P2, 78, 263.86, 20886, 3239, 92
2026/09/15 20:43:36.433, 0, NVIDIA GeForce RTX 3090, 580.178.04, P2, 78, 263.86, 20886, 3239, 92
2026/09/15 20:43:36.683, 0, NVIDIA GeForce RTX 3090, 580.178.04, P2, 78, 269.04, 20886, 3239, 92
2026/09/15 20:43:36.934, 0, NVIDIA GeForce RTX 3090, 580.178.04, P2, 78, 269.04, 20886, 3239, 92
2026/09/15 20:43:37.184, 0, NVIDIA GeForce RTX 3090, 580.178.04, P2, 78, 267.15, 20886, 3239, 93
2026/09/15 20:43:37.434, 0, NVIDIA GeForce RTX 3090, 580.178.04, P2, 78, 267.15, 20886, 3239, 93
2026/09/15 20:43:37.685, 0, NVIDIA GeForce RTX 3090, 580.178.04, P2, 78, 262.75, 20886, 3239, 93
2026/09/15 20:43:37.935, 0, NVIDIA GeForce RTX 3090, 580.178.04, P2, 78, 262.75, 20886, 3239, 93
2026/09/15 20:43:38.185, 0, NVIDIA GeForce RTX 3090, 580.178.04, P2, 77, 262.99, 20886, 3239, 93
2026/09/15 20:43:38.436, 0, NVIDIA GeForce RTX 3090, 580.178.04, P2, 77, 262.99, 20886, 3239, 93
2026/09/15 20:43:38.686, 0, NVIDIA GeForce RTX 3090, 580.178.04, P2, 78, 262.52, 20886, 3239, 93
2026/09/15 20:43:38.937, 0, NVIDIA GeForce RTX 3090, 580.178.04, P2, 78, 262.52, 20886, 3239, 93
2026/09/15 20:43:39.187, 0, NVIDIA GeForce RTX 3090, 580.178.04, P2, 77, 257.35, 20886, 3239, 94
2026/09/15 20:43:39.437, 0, NVIDIA GeForce RTX 3090, 580.178.04, P2, 77, 257.35, 20886, 3239, 94
2026/09/15 20:43:39.687, 0, NVIDIA GeForce RTX 3090, 580.178.04, P2, 78, 254.43, 20886, 3239, 94
2026/09/15 20:43:39.937, 0, NVIDIA GeForce RTX 3090, 580.178.04, P2, 78, 254.43, 20886, 3239, 94
2026/09/15 20:43:40.188, 0, NVIDIA GeForce RTX 3090, 580.178.04, P2, 78, 261.52, 20886, 3239, 92
2026/09/15 20:43:40.438, 0, NVIDIA GeForce RTX 3090, 580.178.04, P2, 78, 261.52, 20886, 3239, 92
2026/09/15 20:43:40.689, 0, NVIDIA GeForce RTX 3090, 580.178.04, P2, 78, 270.49, 20886, 3239, 92
2026/09/15 20:43:40.939, 0, NVIDIA GeForce RTX 3090, 580.178.04, P2, 78, 270.49, 20886, 3239, 92
2026/09/15 20:43:41.189, 0, NVIDIA GeForce RTX 3090, 580.178.04, P2, 77, 266.55, 20886, 3239, 96
2026/09/15 20:43:41.440, 0, NVIDIA GeForce RTX 3090, 580.178.04, P2, 77, 266.55, 20886, 3239, 96
2026/09/15 20:43:41.690, 0, NVIDIA GeForce RTX 3090, 580.178.04, P2, 77, 259.13, 20886, 3239, 96
2026/09/15 20:43:41.941, 0, NVIDIA GeForce RTX 3090, 580.178.04, P2, 77, 259.13, 20886, 3239, 96
2026/09/15 20:43:42.191, 0, NVIDIA GeForce RTX 3090, 580.178.04, P2, 77, 260.08, 20886, 3239, 96
2026/09/15 20:43:42.441, 0, NVIDIA GeForce RTX 3090, 580.178.04, P2, 77, 260.08, 20886, 3239, 96
2026/09/15 20:43:42.691, 0, NVIDIA GeForce RTX 3090, 580.178.04, P2, 78, 257.83, 20886, 3239, 96
2026/09/15 20:43:42.942, 0, NVIDIA GeForce RTX 3090, 580.178.04, P2, 78, 257.83, 20886, 3239, 96
2026/09/15 20:43:43.192, 0, NVIDIA GeForce RTX 3090, 580.178.04, P2, 77, 265.86, 20886, 3239, 96
2026/09/15 20:43:43.443, 0, NVIDIA GeForce RTX 3090, 580.178.04, P2, 77, 265.86, 20886, 3239, 96
2026/09/15 20:43:43.693, 0, NVIDIA GeForce RTX 3090, 580.178.04, P2, 77, 267.44, 20886, 3239, 96
2026/09/15 20:43:43.943, 0, NVIDIA GeForce RTX 3090, 580.178.04, P2, 77, 267.44, 20886, 3239, 96
2026/09/15 20:43:44.194, 0, NVIDIA GeForce RTX 3090, 580.178.04, P2, 78, 267.49, 20886, 3239, 90
2026/09/15 20:43:44.444, 0, NVIDIA GeForce RTX 3090, 580.178.04, P2, 78, 267.49, 20886, 3239, 90
2026/09/15 20:43:44.694, 0, NVIDIA GeForce RTX 3090, 580.178.04, P2, 78, 270.18, 20886, 3239, 90
2026/09/15 20:43:44.944, 0, NVIDIA GeForce RTX 3090, 580.178.04, P2, 78, 270.18, 20886, 3239, 90
2026/09/15 20:43:45.195, 0, NVIDIA GeForce RTX 3090, 580.178.04, P2, 79, 271.98, 20886, 3239, 89
2026/09/15 20:43:45.445, 0, NVIDIA GeForce RTX 3090, 580.178.04, P2, 79, 271.98, 20886, 3239, 89
2026/09/15 20:43:45.695, 0, NVIDIA GeForce RTX 3090, 580.178.04, P2, 78, 274.84, 20886, 3239, 89
2026/09/15 20:43:45.945, 0, NVIDIA GeForce RTX 3090, 580.178.04, P2, 78, 274.84, 20886, 3239, 89
2026/09/15 20:43:46.196, 0, NVIDIA GeForce RTX 3090, 580.178.04, P2, 78, 273.47, 20886, 3239, 88
2026/09/15 20:43:46.446, 0, NVIDIA GeForce RTX 3090, 580.178.04, P2, 78, 273.47, 20886, 3239, 88
2026/09/15 20:43:46.697, 0, NVIDIA GeForce RTX 3090, 580.178.04, P2, 78, 269.13, 20886, 3239, 88
2026/09/15 20:43:46.947, 0, NVIDIA GeForce RTX 3090, 580.178.04, P2, 78, 269.13, 20886, 3239, 88
2026/09/15 20:43:47.197, 0, NVIDIA GeForce RTX 3090, 580.178.04, P2, 78, 269.40, 20886, 3239, 88
2026/09/15 20:43:47.448, 0, NVIDIA GeForce RTX 3090, 580.178.04, P2, 78, 269.40, 20886, 3239, 88
2026/09/15 20:43:47.698, 0, NVIDIA GeForce RTX 3090, 580.178.04, P2, 78, 270.76, 20886, 3239, 88
2026/09/15 20:43:47.948, 0, NVIDIA GeForce RTX 3090, 580.178.04, P2, 78, 270.76, 20886, 3239, 88
2026/09/15 20:43:48.199, 0, NVIDIA GeForce RTX 3090, 580.178.04, P2, 79, 271.58, 20886, 3239, 90
2026/09/15 20:43:48.449, 0, NVIDIA GeForce RTX 3090, 580.178.04, P2, 79, 271.58, 20886, 3239, 90
2026/09/15 20:43:48.699, 0, NVIDIA GeForce RTX 3090, 580.178.04, P2, 78, 267.71, 20886, 3239, 90
2026/09/15 20:43:48.950, 0, NVIDIA GeForce RTX 3090, 580.178.04, P2, 78, 267.71, 20886, 3239, 90
2026/09/15 20:43:49.200, 0, NVIDIA GeForce RTX 3090, 580.178.04, P2, 78, 265.97, 20886, 3239, 92
2026/09/15 20:43:49.450, 0, NVIDIA GeForce RTX 3090, 580.178.04, P2, 78, 265.97, 20886, 3239, 92
2026/09/15 20:43:49.700, 0, NVIDIA GeForce RTX 3090, 580.178.04, P2, 78, 265.59, 20886, 3239, 92
2026/09/15 20:43:49.951, 0, NVIDIA GeForce RTX 3090, 580.178.04, P2, 78, 265.59, 20886, 3239, 92
2026/09/15 20:43:50.201, 0, NVIDIA GeForce RTX 3090, 580.178.04, P2, 78, 264.23, 20886, 3239, 91
2026/09/15 20:43:50.451, 0, NVIDIA GeForce RTX 3090, 580.178.04, P2, 78, 264.23, 20886, 3239, 91
2026/09/15 20:43:50.702, 0, NVIDIA GeForce RTX 3090, 580.178.04, P2, 78, 255.94, 20886, 3239, 91
2026/09/15 20:43:50.952, 0, NVIDIA GeForce RTX 3090, 580.178.04, P2, 78, 255.94, 20886, 3239, 91
2026/09/15 20:43:51.202, 0, NVIDIA GeForce RTX 3090, 580.178.04, P2, 77, 257.70, 20886, 3239, 96
2026/09/15 20:43:51.453, 0, NVIDIA GeForce RTX 3090, 580.178.04, P2, 77, 257.70, 20886, 3239, 96
2026/09/15 20:43:51.703, 0, NVIDIA GeForce RTX 3090, 580.178.04, P2, 78, 262.69, 20886, 3239, 96
2026/09/15 20:43:51.954, 0, NVIDIA GeForce RTX 3090, 580.178.04, P2, 78, 262.69, 20886, 3239, 96
2026/09/15 20:43:52.204, 0, NVIDIA GeForce RTX 3090, 580.178.04, P2, 78, 259.74, 20886, 3239, 95
2026/09/15 20:43:52.454, 0, NVIDIA GeForce RTX 3090, 580.178.04, P2, 78, 259.74, 20886, 3239, 95
2026/09/15 20:43:52.705, 0, NVIDIA GeForce RTX 3090, 580.178.04, P2, 78, 259.62, 20886, 3239, 95
2026/09/15 20:43:52.955, 0, NVIDIA GeForce RTX 3090, 580.178.04, P2, 78, 259.62, 20886, 3239, 95
2026/09/15 20:43:53.206, 0, NVIDIA GeForce RTX 3090, 580.178.04, P2, 78, 264.41, 20886, 3239, 95
2026/09/15 20:43:53.456, 0, NVIDIA GeForce RTX 3090, 580.178.04, P2, 78, 264.41, 20886, 3239, 95
2026/09/15 20:43:53.706, 0, NVIDIA GeForce RTX 3090, 580.178.04, P2, 79, 267.69, 20886, 3239, 95
2026/09/15 20:43:53.957, 0, NVIDIA GeForce RTX 3090, 580.178.04, P2, 79, 267.69, 20886, 3239, 95
2026/09/15 20:43:54.207, 0, NVIDIA GeForce RTX 3090, 580.178.04, P2, 78, 270.17, 20886, 3239, 91
2026/09/15 20:43:54.457, 0, NVIDIA GeForce RTX 3090, 580.178.04, P2, 78, 270.17, 20886, 3239, 91
2026/09/15 20:43:54.708, 0, NVIDIA GeForce RTX 3090, 580.178.04, P2, 79, 273.27, 20886, 3239, 91
2026/09/15 20:43:54.958, 0, NVIDIA GeForce RTX 3090, 580.178.04, P2, 79, 273.27, 20886, 3239, 91
2026/09/15 20:43:55.208, 0, NVIDIA GeForce RTX 3090, 580.178.04, P2, 78, 270.78, 20886, 3239, 89
2026/09/15 20:43:55.458, 0, NVIDIA GeForce RTX 3090, 580.178.04, P2, 78, 270.78, 20886, 3239, 89
2026/09/15 20:43:55.709, 0, NVIDIA GeForce RTX 3090, 580.178.04, P2, 78, 266.20, 20886, 3239, 89
2026/09/15 20:43:55.959, 0, NVIDIA GeForce RTX 3090, 580.178.04, P2, 78, 266.20, 20886, 3239, 89
2026/09/15 20:43:56.209, 0, NVIDIA GeForce RTX 3090, 580.178.04, P2, 78, 268.32, 20886, 3239, 90
2026/09/15 20:43:56.460, 0, NVIDIA GeForce RTX 3090, 580.178.04, P2, 78, 268.32, 20886, 3239, 90
2026/09/15 20:43:56.710, 0, NVIDIA GeForce RTX 3090, 580.178.04, P2, 78, 270.65, 20886, 3239, 90
2026/09/15 20:43:56.960, 0, NVIDIA GeForce RTX 3090, 580.178.04, P2, 78, 270.65, 20886, 3239, 90
2026/09/15 20:43:57.211, 0, NVIDIA GeForce RTX 3090, 580.178.04, P2, 79, 270.56, 20886, 3239, 90
2026/09/15 20:43:57.461, 0, NVIDIA GeForce RTX 3090, 580.178.04, P2, 79, 270.56, 20886, 3239, 90
2026/09/15 20:43:57.711, 0, NVIDIA GeForce RTX 3090, 580.178.04, P2, 78, 269.60, 20886, 3239, 90
2026/09/15 20:43:57.962, 0, NVIDIA GeForce RTX 3090, 580.178.04, P2, 78, 269.60, 20886, 3239, 90
2026/09/15 20:43:58.212, 0, NVIDIA GeForce RTX 3090, 580.178.04, P2, 79, 269.11, 20886, 3239, 93
2026/09/15 20:43:58.462, 0, NVIDIA GeForce RTX 3090, 580.178.04, P2, 79, 269.11, 20886, 3239, 93
2026/09/15 20:43:58.712, 0, NVIDIA GeForce RTX 3090, 580.178.04, P2, 78, 271.48, 20886, 3239, 93
2026/09/15 20:43:58.962, 0, NVIDIA GeForce RTX 3090, 580.178.04, P2, 78, 271.48, 20886, 3239, 93
2026/09/15 20:43:59.213, 0, NVIDIA GeForce RTX 3090, 580.178.04, P2, 78, 270.55, 20886, 3239, 90
2026/09/15 20:43:59.463, 0, NVIDIA GeForce RTX 3090, 580.178.04, P2, 78, 270.55, 20886, 3239, 90
2026/09/15 20:43:59.714, 0, NVIDIA GeForce RTX 3090, 580.178.04, P2, 79, 267.21, 20886, 3239, 90
2026/09/15 20:43:59.964, 0, NVIDIA GeForce RTX 3090, 580.178.04, P2, 79, 267.21, 20890, 3235, 90
2026/09/15 20:44:00.215, 0, NVIDIA GeForce RTX 3090, 580.178.04, P2, 75, 244.15, 20892, 3233, 0
2026/09/15 20:44:00.465, 0, NVIDIA GeForce RTX 3090, 580.178.04, P2, 75, 244.15, 20894, 3231, 0
2026/09/15 20:44:00.715, 0, NVIDIA GeForce RTX 3090, 580.178.04, P2, 76, 215.19, 20894, 3231, 0
2026/09/15 20:44:00.966, 0, NVIDIA GeForce RTX 3090, 580.178.04, P2, 76, 215.19, 21182, 2943, 0
2026/09/15 20:44:01.216, 0, NVIDIA GeForce RTX 3090, 580.178.04, P2, 75, 204.45, 21182, 2943, 0
2026/09/15 20:44:01.466, 0, NVIDIA GeForce RTX 3090, 580.178.04, P2, 75, 204.45, 21182, 2943, 0
2026/09/15 20:44:01.716, 0, NVIDIA GeForce RTX 3090, 580.178.04, P2, 76, 211.64, 21182, 2943, 0
2026/09/15 20:44:01.967, 0, NVIDIA GeForce RTX 3090, 580.178.04, P2, 76, 211.64, 21182, 2943, 0
2026/09/15 20:44:02.217, 0, NVIDIA GeForce RTX 3090, 580.178.04, P2, 76, 210.67, 21184, 2941, 67
2026/09/15 20:44:02.468, 0, NVIDIA GeForce RTX 3090, 580.178.04, P2, 76, 210.67, 21184, 2941, 67
2026/09/15 20:44:02.718, 0, NVIDIA GeForce RTX 3090, 580.178.04, P2, 75, 211.16, 21184, 2941, 67
2026/09/15 20:44:02.968, 0, NVIDIA GeForce RTX 3090, 580.178.04, P2, 75, 211.16, 21184, 2941, 67
2026/09/15 20:44:03.219, 0, NVIDIA GeForce RTX 3090, 580.178.04, P2, 76, 214.48, 21184, 2941, 37
2026/09/15 20:44:03.469, 0, NVIDIA GeForce RTX 3090, 580.178.04, P2, 76, 214.48, 21184, 2941, 37
2026/09/15 20:44:03.719, 0, NVIDIA GeForce RTX 3090, 580.178.04, P2, 76, 230.11, 21184, 2941, 37
2026/09/15 20:44:03.970, 0, NVIDIA GeForce RTX 3090, 580.178.04, P2, 76, 230.11, 21184, 2941, 37
2026/09/15 20:44:04.220, 0, NVIDIA GeForce RTX 3090, 580.178.04, P2, 76, 226.62, 21184, 2941, 82
2026/09/15 20:44:04.471, 0, NVIDIA GeForce RTX 3090, 580.178.04, P2, 76, 226.62, 21184, 2941, 82
2026/09/15 20:44:04.721, 0, NVIDIA GeForce RTX 3090, 580.178.04, P2, 77, 236.37, 21184, 2941, 82
2026/09/15 20:44:04.972, 0, NVIDIA GeForce RTX 3090, 580.178.04, P2, 77, 236.37, 21184, 2941, 82
2026/09/15 20:44:05.222, 0, NVIDIA GeForce RTX 3090, 580.178.04, P2, 77, 232.48, 21184, 2941, 91
